2018	1015	12	CENTRO EDUCACIONAL MENINO JESUS	RUA ESTEVES JÚNIOR, N. 969	Centro > Sede	Rua Esteves Júnior, Centro, Sede, Florianópolis, Santa Catarina, Região Sul, 88015-240, Brasil
2018	1023	12	COLÉGIO SANTA CATARINA	RUA FREI EVARISTO, N.  91	Centro > Sede	Rua Frei Evaristo, Centro, Sede, Florianópolis, Santa Catarina, Região Sul, 88015-410, Brasil
2018	1031	12	EB SILVEIRA DE SOUZA	RUA ALVES DE BRITO, N. 334	Centro > Sede	Rua Alves de Brito, Centro, Sede, Florianópolis, Santa Catarina, Região Sul, 88012-480, Brasil
2018	1058	12	ESCOLA TÉCNICA - CENTRO FEDERAL DE EDUC. TECNOLÓGICA DE SC - CEFET/SC	AVENIDA MAURO RAMOS, N. 950	Centro > Sede	Avenida Mauro Ramos, Centro, Sede, Florianópolis, Santa Catarina, Região Sul, 88015-420, Brasil
2018	1090	100	ACOJAR	RUA NERY CARDOSO BITTENCOURT, N. 61	Santa Mônica > Trindade	Rua Nery Cardoso Bittencourt, Santa Mônica, Trindade, Florianópolis, Santa Catarina, Região Sul, 88035-300, Brasil
2018	1139	12	CRECHE PROFESSORA ROSA MARIA PIRES	RUA DESEMBARGADOR NELSON NUNES, N. 208	Morro da Cruz > Centro > Sede	Rua Desembargador Nelson Nunes, Morro da Cruz, Centro, Sede, Florianópolis, Santa Catarina, Região Sul, 88025-140, Brasil
2018	1147	12	ESCOLA DE EDUCAÇÃO BÁSICA PADRE ANCHIETA	RUA RUI BARBOSA, N. 525	Agronômica > Sede	Rua Rui Barbosa, Agronômica, Sede, Florianópolis, Santa Catarina, Região Sul, 88025-300, Brasil
2018	1155	100	UDESC - CENTRO DE ARTES - CEART	AVENIDA MADRE BENVENUTA, 2007	Trindade Norte > Trindade	Avenida Madre Benvenuta, Trindade Norte, Trindade, Florianópolis, Santa Catarina, Região Sul, 88036-500, Brasil
2018	1155	12	NÚCLEO DE EDUCAÇÃO INFANTIL JOÃO MACHADO DA SILVA	TRAVESSA JOSÉ PEDRO GIL, N. 195	(vazio)	
2018	1163	100	COLEGIO ESTADUAL PROFESSORA LAURA LIMA	RUA DO LOURO, 143	Monte Verde > Saco Grande	Rua do Louro, Monte Verde, Saco Grande, Florianópolis, Santa Catarina, Região Sul, 88032-300, Brasil
2018	1163	12	ESCOLA MARCO INICIAL	RUA DELMINDA SILVEIRA, N. 230	Agronômica > Sede	Rua Delminda Silveira, Agronômica, Sede, Florianópolis, Santa Catarina, Região Sul, 88025-510, Brasil
2018	1171	100	SENAI - CTAI	RODOVIA SC 401, 3730	Ratones	Rodovia José Carlos Daux, Ratones, Florianópolis, Santa Catarina, Região Sul, 88052-100, Brasil
2018	1180	100	ESCOLA BASICA JOSÉ DO VALLE PEREIRA	RODOVIA JOAO PAULO, 1268	João Paulo > Saco Grande	Rodovia João Paulo, João Paulo, Saco Grande, Florianópolis, Santa Catarina, Região Sul, 88030-361, Brasil
2018	1201	100	SESC - SERVICO SOCIAL DO COMERCIO	RODOVIA HAROLDO SOARES GLAVAN, 1670	Estrada Haroldo Soares Glavan > Saco Grande Oeste > Saco Grande	Rodovia Haroldo Soares Glavan, Estrada Haroldo Soares Glavan, Saco Grande Oeste, Saco Grande, Florianópolis, Santa Catarina, Região Sul, 88032-005, Brasil
2018	1210	100	ESCOLA BÁSICA MUNICIPAL PAULO FONTES	RUA PROFESSOR OSNI BARBATO, 168	Santo Antônio de Lisboa Oeste > Santo Antônio de Lisboa	Rua Professor Osni Barbato, Santo Antônio de Lisboa Oeste, Santo Antônio de Lisboa, Florianópolis, Santa Catarina, Região Sul, 88050-400, Brasil
2018	1228	100	N.E.I. - NÚCLEO DE EDUCAÇÃO INFANTIL MARIA SALOMÉ DOS SANTOS	RUA PROFESSOR EUCLIDES DA CUNHA, S/N	(vazio)	
2018	1244	100	ESCOLA BASICA MUNICIPAL MANCIO COSTA	ESTRADA INTENDENTE ANTONIO DAMASCO, 3131	Ratones	Estrada Intendente Antônio Damasco, Ratones, Florianópolis, Santa Catarina, Região Sul, 88052-100, Brasil
2018	1252	100	IGREJA SÃO BRAS - SALÃO PAROQUIAL (MITRA METROPOLITANA)	RUA MANOEL LEONCIO DE SOUZA BRITO, 549	(vazio)	
2018	1260	100	ESCOLA BASICA MUNICIPAL ALBERTINA MADALENA DIAS	RUA CRISTOVAO MACHADO DE CAMPOS, N. 1537	(vazio)	
2018	1279	100	ESCOLA BÁSICA LUIZ CÂNDIDO DA LUZ -  PONTA DO MORRO	RODOVIA SC 403 KM 3, S/N	km 3 > Rodovia Armando Calil Bulos > Vargem do Bom Jesus > Cachoeira do Bom Jesus	Escola Luiz Cândido da Luz, km 3, Rodovia Armando Calil Bulos, Vargem do Bom Jesus, Cachoeira do Bom Jesus, Florianópolis, Santa Catarina, Região Sul, 88056-599
2018	1287	100	ASSOCIAÇÃO DOS ECONOMIÁRIOS FEDERAIS DE SC	RUA ALAMEDA CÉSAR NASCIMENTO, 700	700 > Rua César Nascimento > Jurerê Leste > Jurerê > Canasvieiras	Associação do Pessoal da Caixa Econômica Federal de Santa Catarina, 700, Rua César Nascimento, Jurerê Leste, Jurerê, Canasvieiras, Florianópolis, Santa Catarina
2018	1287	13	COLÉGIO ESTADUAL JUREMA CAVALAZZI	RUA PROFESSOR ANIBAL NUNES PIRES, S/N FONE (48) 32257731	José Mendes > Sede	Rua Professor Aníbal Nunes Pires, José Mendes, Sede, Florianópolis, Santa Catarina, Região Sul, 88020-200, Brasil
2018	1295	100	CRECHE MARIA TEREZINHA SARDÁ DA LUZ (ANTIGO N.E.I. PRAIA DO FORTE)	RUA JOSE CARDOSO OLIVEIRA, 3547	Servidão José Cardoso de Oliveira > Forte > Praia do Forte > Canasvieiras	Final Rua José Cardoso de Oliveira, Servidão José Cardoso de Oliveira, Forte, Praia do Forte, Canasvieiras, Florianópolis, Santa Catarina, Região Sul, 88053-306
2018	1295	13	COLEGIO ESTADUAL GETULIO VARGAS	RUA JOAO MOTTA ESPEZIM, 499 FONE (48) 33337176	Saco dos Limões	Rua João Motta Espezim, Saco dos Limões, Florianópolis, Santa Catarina, Região Sul, 88045-401, Brasil
2018	1309	100	ESCOLA DESDOBRADA MUNICIPAL JURERÊ (ANTIGA ESCOLA PRAIA DE FORA)	RUA JURERE TRADICIONAL, 230	Jurerê Leste > Jurerê > Canasvieiras	Rua Jurerê Tradicional, Jurerê Leste, Jurerê, Canasvieiras, Florianópolis, Santa Catarina, Região Sul, 88053-418, Brasil
2018	1309	13	ESCOLA BASICA MUNICIPAL ANISIO TEIXEIRA	RUA JOÃO CANCIO JACQUES, 1461	Costeira do Pirajubaé > Saco dos Limões	Rua João Câncio Jacques, Costeira do Pirajubaé, Saco dos Limões, Florianópolis, Santa Catarina, Região Sul, 88047-001, Brasil
2018	1317	100	ESCOLA BASICA MUNICIPAL OSMAR CUNHA	RUA TERTULIANO DE BRITO XAVIER, 661	(vazio)	
2018	1317	13	ESCOLA ESTADUAL BASICA JULIO DA COSTA NEVES	RUA CAMINHO DOS ESTUDANTES, S/N.	Costeira do Pirajubaé > Saco dos Limões	Rua Caminho dos Estudantes, Costeira do Pirajubaé, Saco dos Limões, Florianópolis, Santa Catarina, Região Sul, 88048-000, Brasil
2018	1325	100	ESCOLA BÁSICA MUNICIPAL INTENDENTE ARICOMEDES DA SILVA	RODOVIA LEONEL PEREIRA, 930	(vazio)	
2018	1325	13	ESCOLA DE EDUCACAO BASICA IDELFONSO LINHARES	RUA VER. OSVALDO BITTENCOURT, 206 FONE (48) 33665-6352	(vazio)	
2018	1333	13	ESCOLA EDUCAÇÃO BÁSICA TENENTE ALMACHIO	AVENIDA SANTOS DUMONT, N. E025	Base Aérea > Carianos > Tapera da Base	Avenida Santos Dumont, Base Aérea, Carianos, Tapera da Base, Florianópolis, Santa Catarina, Região Sul, 88047-900, Brasil
2018	1341	100	ESCOLA BÁSICA MUNICIPAL OSVALDO MACHADO	RUA LUIZ BOITEUX PIAZZA, 6542	(vazio)	
2018	1341	13	COLÉGIO ESTADUAL DOM JAIME DE BARROS CÂMARA	RODOVIA BALDICERO FILOMENO, 70821	Caiacanga > Ribeirão da Ilha	Rodovia Baldicero Filomeno, Caiacanga, Ribeirão da Ilha, Florianópolis, Santa Catarina, Região Sul, 89064-002, Brasil
2018	1350	13	ESCOLA BASICA MUNICIPAL BATISTA PEREIRA	RODOVIA BALDICERO FILOMENO, 3000	Caiacanga > Ribeirão da Ilha	Rodovia Baldicero Filomeno, Caiacanga, Ribeirão da Ilha, Florianópolis, Santa Catarina, Região Sul, 89064-002, Brasil
2018	1368	100	ESCOLA DE ENSINO BÁSICO INTENDENTE JOSE FERNANDES	RUA JOAO GUALBERTO SOARES, 324	(vazio)	
2018	1368	13	ESCOLA MARCELINO BARCELOS DUTRA	RODOVIA BALDICERO FILOMENO, 11264	Caiacanga > Ribeirão da Ilha	Rodovia Baldicero Filomeno, Caiacanga, Ribeirão da Ilha, Florianópolis, Santa Catarina, Região Sul, 89064-002, Brasil
2018	1376	100	N.E.I. - NUCLEO DE EDUCAÇÃO INFANTIL GENTIL MATHIAS DA SILVA	RUA DOM JOAO BECKER, 988	(vazio)	
2018	1376	13	NEI - NÚCLEO DE EDUCAÇÃO INFANTIL - CAIEIRA DA BARRA DO SUL	RODOVIA BALDICERO FILOMENO, N. 19795	Caiacanga > Ribeirão da Ilha	Rodovia Baldicero Filomeno, Caiacanga, Ribeirão da Ilha, Florianópolis, Santa Catarina, Região Sul, 89064-002, Brasil
2018	1384	100	ESCOLA BASICA MUNICIPAL MARIA CONCEICAO NUNES	RUA LUIZ DUARTE, S/N	(vazio)	
2018	1384	13	ESCOLA DE ENSINO FUNDAMENTAL SEVERO HONORATO DA COSTA	RUA OTACILIO ABELARDO GOMES, 115	Pântano do Sul	Rua Abelardo Otacílio Gomes, Pântano do Sul, Florianópolis, Santa Catarina, Região Sul, 88067-102, Brasil
2018	1392	13	ESCOLA BASICA MUNICIPAL DILMA LUCIA DOS SANTOS	RODOVIA SC 406, 6050	Capivari > Ingleses > Ingleses do Rio Vermelho	Rodovia João Gualberto Soares, Capivari, Ingleses, Ingleses do Rio Vermelho, Florianópolis, Santa Catarina, Região Sul, 88058-405, Brasil
2018	1406	13	ESCOLA DESDOBRADA MUNICIPAL COSTA DE DENTRO	ESTRADA JOÃO BELARMINO DA SILVA, 2550	Pântano do Sul	Estrada João Bellarmino da Silva, Pântano do Sul, Florianópolis, Santa Catarina, Região Sul, 88067-130, Brasil
2018	1414	13	ESCOLA DE ENSINO FUNDAMENTAL BALDICERO FILOMENO	RUA PEDRO MANOEL DA SILVEIRA, N. 230, FONE (48) 3337 1260	(vazio)	
2018	1422	13	ESCOLA BÁSICA MUNICIPAL JOSÉ AMARO CORDEIRO	RODOVIA SC 406, AV. FRANCISCO THOMAS DE SOUZA, N. 1691	Capivari > Ingleses > Ingleses do Rio Vermelho	Rodovia João Gualberto Soares, Capivari, Ingleses, Ingleses do Rio Vermelho, Florianópolis, Santa Catarina, Região Sul, 88058-405, Brasil
2018	1457	100	ASSOCIAÇÃO LOTEAMENTO JOÃO GONZAGA COSTA	RUA DA APICULTURA, 139	Saco Grande Leste > Saco Grande	Rua da Apicultura, Saco Grande Leste, Saco Grande, Florianópolis, Santa Catarina, Região Sul, 88032-001, Brasil
2018	1465	100	JURERÊ SPORTS CENTER	AVENIDA DOS DOURADOS, 481	Jurerê Oeste > Jurerê > Canasvieiras	Avenida dos Dourados, Jurerê Oeste, Jurerê, Canasvieiras, Florianópolis, Santa Catarina, Região Sul, 88053-400, Brasil
2018	1473	100	ESCOLA BÁSICA MUNICIPAL DONICIA MARIA DA COSTA	RODOVIA VIRGILIO VARZEA, S/N	Canasvieiras	Rodovia Virgílio Várzea, Canasvieiras, Florianópolis, Santa Catarina, Região Sul, 88054-620, Brasil
2018	1481	100	ESCOLA DE ENSINO BASICO LEONOR DE BARROS	RUA PASTOR WILLIAM RICHARD SCHISLER FILHO, 80	Itacorubi Norte > Itacorubi > Trindade	Rua Pastor William Richard Schisler Filho, Itacorubi Norte, Itacorubi, Trindade, Florianópolis, Santa Catarina, Região Sul, 88034-100, Brasil
2018	1503	100	ESCOLA DE ENSINO BÁSICO DE MUQUEM	RUA MANOEL PETRONILHO DA SILVEIRA, 1	Muquém > Rio Vermelho > São João do Rio Vermelho	Rua Manoel Petronilho da Silveira, Muquém, Rio Vermelho, São João do Rio Vermelho, Florianópolis, Santa Catarina, Região Sul, 88060-132, Brasil
2018	1538	100	CRECHE VARGEM PEQUENA	RODOVIA JOSÉ CARLOS DAUX, 16019 (SC 401 KM 15)	Rio da Palha > Canasvieiras	Rodovia José Carlos Daux, Rio da Palha, Canasvieiras, Florianópolis, Santa Catarina, Região Sul, 88058-005, Brasil
2018	1546	13	ESCOLA BÁSICA MUNICIPAL BRIGADEIRO EDUARDO GOMES	AVENIDA PEQUENO PRÍNCIPE, N. 2939	Campeche Central > Campeche	Avenida Pequeno Príncipe, Campeche Central, Campeche, Florianópolis, Santa Catarina, Região Sul, 88063-000, Brasil
2018	1554	13	ESCOLA DE ENSINO BASICO JANUARIA TEIXEIRA DA ROCHA	RUA DA CAPELA, N. 1234, FONE (48) 3338 2829	Campeche Norte > Campeche	Rua da Capela, Campeche Norte, Campeche, Florianópolis, Santa Catarina, Região Sul, 88063-300, Brasil
2018	1562	100	COLÉGIO SANTA TEREZINHA	SERVIDAO SAFIRA, N. 148	Ingleses Centro > Ingleses > Ingleses do Rio Vermelho	Servidão Safira, Ingleses Centro, Ingleses, Ingleses do Rio Vermelho, Florianópolis, Santa Catarina, Região Sul, 88058-187, Brasil
2018	1562	13	ESCOLA BÁSICA MUNICIPAL JOÃO GONÇALVES PINHEIRO	RUA SILVIO LOPES ARAÚJO, S/N	Lagoa Pequena > Rio Tavares > Campeche	Rua Sílvio Lopes Araújo, Lagoa Pequena, Rio Tavares, Campeche, Florianópolis, Santa Catarina, Região Sul, 88048-391, Brasil
2018	1570	13	ESCOLA DE EDUCAÇÃO BÁSICA VEREADOR OSCAR MANOEL CONCEIÇÃO	RODOVIA SC 405, S/N, FONE (48) 36655702	Autódromo > Campeche	Rodovia Francisco Magno Vieira, Autódromo, Campeche, Florianópolis, Santa Catarina, Região Sul, 88065-500, Brasil
2018	1589	100	ESCOLA DESDOBRADA MARCOLINO JOSE DE LIMA	RODOVIA  ISID DUTRA, 1200	(vazio)	
2018	1589	13	CONSELHO COMUNITÁRIO DO SACO DOS LIMÕES	R. JOÃO MOTTA ESPEZIM, N. 783	Saco dos Limões	Rua João Motta Espezim, Saco dos Limões, Florianópolis, Santa Catarina, Região Sul, 88045-520, Brasil
2018	1597	100	ESCOLA DINAMICA	RUA CRISTOVAO MACHADO DE CAMPOS, 1001	(vazio)	
2018	1597	13	CRECHE ANA SPYROS DIMATOS	RODOVIA AÇORIANA ESQUINA COM A RUA JOSÉ CORREA	(vazio)	
2018	1600	100	CENTRO EDUCACIONAL UNIVERSO	SERVIDÃO PROFESSOR NILSON JOSÉ DE JESUS, 91 (SC 403, KM 06)	Ingleses Centro > Ingleses > Ingleses do Rio Vermelho	Servidão Professor Nilson José de Jesus, Ingleses Centro, Ingleses, Ingleses do Rio Vermelho, Florianópolis, Santa Catarina, Região Sul, 88058-785, Brasil
2018	1619	13	ESCOLA BASICA ACACIO GARIBALDI SAO TIAGO	RUA ALTAMIRO BARCELOS DUTRA, 1195	Fortaleza da Barra da Lagoa > Barra da Lagoa	Rua Altamiro Barcelos Dutra, Fortaleza da Barra da Lagoa, Barra da Lagoa, Florianópolis, Santa Catarina, Região Sul, 88061-300, Brasil
2018	1627	100	CRECHE ORLANDINA CORDEIRO	RODOVIA VIRGILIO VARZEA, 380, FONE (48) 3238 0305	Canasvieiras	Rodovia Virgílio Várzea, Canasvieiras, Florianópolis, Santa Catarina, Região Sul, 88054-620, Brasil
2018	1627	13	ESCOLA DESDOBRADA MUNICIPAL JOAO FRANCISCO GARCES	RUA LAURINDO JANUARIO DA SILVEIRA, 2447	Canto da Lagoa > Lagoa da Conceição	Rua Laurindo Januário da Silveira, Canto da Lagoa, Lagoa da Conceição, Florianópolis, Santa Catarina, Região Sul, 88062-200, Brasil
2018	1635	13	COLÉGIO DA LAGOA	RUA HIPÓLITO DO VALE PEREIRA, N. 121	(vazio)	
2018	1643	100	ESCOLA BASICA MARIA TOMAZIA COELHO	RUA VEREADOR ONILDO LEMOS, 1409	(vazio)	
2018	1643	13	ESCOLA DESDOBRADA COSTA DA LAGOA	ESTRADA GERAL COSTA DA LAGOA S/N	(vazio)	
2018	1651	13	ESCOLA BASICA MUNICIPAL HENRIQUE VERAS	RUA JOAO PACHECO DA COSTA, 249 FONE (48) 3232 8923	Lagoa da Conceição	Rua João Pacheco da Costa, Lagoa da Conceição, Florianópolis, Santa Catarina, Região Sul, 88062-100, Brasil
2018	1660	100	CONSELHO COMUNITÁRIO PONTAL DO JURERÊ	AVENIDA DAS PALMEIRAS, N. 566	Daniela > Canasvieiras	Avenida das Palmeiras, Daniela, Canasvieiras, Florianópolis, Santa Catarina, Região Sul, 88053-100, Brasil
2018	1660	13	ASSOCIACAO DOS MORADORES DO PORTO DA LAGOA	RUA LAURINDO JANUARIO DA SILVEIRA, 5500	Canto da Lagoa > Lagoa da Conceição	Rua Laurindo Januário da Silveira, Canto da Lagoa, Lagoa da Conceição, Florianópolis, Santa Catarina, Região Sul, 88062-200, Brasil
2018	1678	100	E.E.M. ANTÔNIO PASCHOAL APÓSTOLO	RODOVIA JOÃO GUALBERTO SOARES, 6809	Rio Vermelho Norte > Rio Vermelho > São João do Rio Vermelho	Rodovia João Gualberto Soares, Rio Vermelho Norte, Rio Vermelho, São João do Rio Vermelho, Florianópolis, Santa Catarina, Região Sul, 88060-378, Brasil
2018	1678	13	ESCOLA DESDOBRADA RETIRO DA LAGOA	RUA PREFEITO ACACIO GARIBALDI SAO THIAGO, 210	(vazio)	
2018	1686	100	ANEXO DA ESCOLA DE ENSINO BÁSICO INTENDENTE JOSÉ FERNANDES	SERVIDÃO MANOEL LAUREANO DOS SANTOS, 1144	Capivari > Ingleses > Ingleses do Rio Vermelho	Servidão Manoel Laureano dos Santos, Capivari, Ingleses, Ingleses do Rio Vermelho, Florianópolis, Santa Catarina, Região Sul, 88058-323, Brasil
2018	1686	12	COLÉGIO GERAÇÃO JÚNIOR - UNIDADE BEIRAMAR	RUA SÃO JOÃO BATISTA, N. 60	Agronômica > Sede	Rua São João Batista, Agronômica, Sede, Florianópolis, Santa Catarina, Região Sul, 88025-202, Brasil
2018	1686	13	NEI CANTO DA LAGOA	RUA LAURINDO JANUÁRIO DA SILVEIRA, N. 2493	Canto da Lagoa > Lagoa da Conceição	Rua Laurindo Januário da Silveira, Canto da Lagoa, Lagoa da Conceição, Florianópolis, Santa Catarina, Região Sul, 88062-200, Brasil
2018	1708	100	E.E.M. JACÓ ANDERLE	RUA FRANCISCO FAUSTO MARTINS, S/N	Vargem Grande > Cachoeira do Bom Jesus	Rua Francisco Fausto Martins, Vargem Grande, Cachoeira do Bom Jesus, Florianópolis, Santa Catarina, Região Sul, 88052-810, Brasil
2018	1708	12	COLEGIO CATARINENSE	RUA ESTEVES JÚNIOR, N. 711	Centro > Sede	Rua Esteves Júnior, Centro, Sede, Florianópolis, Santa Catarina, Região Sul, 88015-240, Brasil
2018	1708	13	N.E.I. ORISVALDINA SILVA	SERVIDÃO RUTH BASTOS DE OLIVEIRA	Lagoa da Conceição	Servidão Ruth Bastos de Oliveira, Lagoa da Conceição, Florianópolis, Santa Catarina, Região Sul, 88062-100, Brasil
2018	1716	12	ESCOLA DE EDUCAÇÃO BÁSICA PROFESSOR HENRIQUE STODIECK	RUA ESTEVES JÚNIOR, N. 65	Centro > Sede	Rua Esteves Júnior, Centro, Sede, Florianópolis, Santa Catarina, Região Sul, 88015-240, Brasil
2018	1716	13	CENTRO DE DESPORTOS - UFSC	CIDADE UNIVERSITARIA	100 > Rua Nirberto Haase > Santa Mônica > Trindade	Agência de Correios Cidade Universitária, 100, Rua Nirberto Haase, Santa Mônica, Trindade, Florianópolis, Santa Catarina, Região Sul, 88040-959, Brasil
2018	1724	100	ESCOLA BÁSICA MUNICIPAL VIRGÍLIO REIS VÁRZEA	RUA MANOEL MANCELLOS MOURA, S/N	Canasvieiras	Rua Manoel Mancellos Moura, Canasvieiras, Florianópolis, Santa Catarina, Região Sul, 88054-210, Brasil
2018	1724	13	CRECHE WALDEMAR DA SILVA FILHO	AVENIDA  MADRE BENVENUTA, 521	Trindade Norte > Trindade	Avenida Madre Benvenuta, Trindade Norte, Trindade, Florianópolis, Santa Catarina, Região Sul, 88036-500, Brasil
2018	1732	100	ESCOLA BÁSICA MUNICIPAL PROFESSORA HERONDINA MEDEIROS ZEFERINO	RUA TRÊS MARIAS, 1072	(vazio)	
2018	1732	12	CRECHE CELSO RAMOS	RUA PROFESSOR ALDO CÂMARA DA SILVA, N. 120	Centro > Sede	Rua Professor Aldo Câmara da Silva, Centro, Sede, Florianópolis, Santa Catarina, Região Sul, 88020-180, Brasil
2018	1732	13	ESCOLA DE EDUCAÇÃO BÁSICA HILDA TEODORO VIEIRA	RUA LAURO LINHARES, N. 560	Trindade Norte > Trindade	Rua Lauro Linhares, Trindade Norte, Trindade, Florianópolis, Santa Catarina, Região Sul, 88036-001, Brasil
2018	1740	100	UDESC - ESCOLA SUPERIOR DE ADMINISTRAÇÃO E GERÊNCIA - ESAG	AVENIDA MADRE BENVENUTA, 2037	Trindade Norte > Trindade	Avenida Madre Benvenuta, Trindade Norte, Trindade, Florianópolis, Santa Catarina, Região Sul, 88036-500, Brasil
2018	1740	12	CENTRO EDUCACIONAL MARISTA	RUA GENERAL VIEIRA DA ROSA,  N. 1050	Saco dos Limões	Rua General Vieira da Rosa, Saco dos Limões, Florianópolis, Santa Catarina, Região Sul, 88040-440, Brasil
2018	1740	13	ESCOLA BASICA JOAO ALFREDO HOHR	RUA JOAO PIO DUARTE SILVA, 1123 FONE (48) 3234 3516	Córrego Grande > Trindade	Rua João Pio Duarte Silva, Córrego Grande, Trindade, Florianópolis, Santa Catarina, Região Sul, 88034-700, Brasil
2018	1759	13	ESCOLA BÁSICA BEATRIZ DE SOUZA BRITO	RUA DEPUTADO ANTÔNIO EDU VIEIRA, N. 600	Trindade Sul > Pantanal > Trindade	Rua Deputado Antônio Edu Vieira, Trindade Sul, Pantanal, Trindade, Florianópolis, Santa Catarina, Região Sul, 88040-000, Brasil
2018	1767	12	EDUCANDARIO IMACULADA CONCEICAO	RUA SAO FRANCISCO, 148 FONE (48) 33221037	Centro > Sede	Rua São Francisco, Centro, Sede, Florianópolis, Santa Catarina, Região Sul, 88015-200, Brasil
2018	1767	13	CCJ - CENTRO DE CIENCIAS JURIDICAS	CAMPUS UNIVERSITARIO	Rua Roberto Sampaio Gonzaga > Trindade Sul > Trindade	Universidade Federal de Santa Catarina, Rua Roberto Sampaio Gonzaga, Trindade Sul, Trindade, Florianópolis, Santa Catarina, Região Sul, 88040-900, Brasil
2018	1775	12	ESCOLA DE EDUCAÇÃO BÁSICA LAURO MÜLLER	RUA MARECHAL GUILHERME, N. 134	Centro > Sede	Rua Marechal Guilherme, Centro, Sede, Florianópolis, Santa Catarina, Região Sul, 88015-000, Brasil
2018	1775	13	UFSC - CENTRO TECNOLOGICO - CTC	CAMPUS UNIVERSITARIO, S/N FONE (48) 3331 9339	Rua Roberto Sampaio Gonzaga > Trindade Sul > Trindade	Universidade Federal de Santa Catarina, Rua Roberto Sampaio Gonzaga, Trindade Sul, Trindade, Florianópolis, Santa Catarina, Região Sul, 88040-900, Brasil
2018	1776	100	ESCOLA BASICA MUNICIPAL OSMAR CUNHA	RUA TERTULIANO DE BRITO XAVIER, 661	(vazio)	
2018	1783	12	INSTITUTO ESTADUAL DE EDUCAÇÃO - IEE	AVENIDA MAURO RAMOS, N. 275	Centro > Sede	Avenida Mauro Ramos, Centro, Sede, Florianópolis, Santa Catarina, Região Sul, 88015-420, Brasil
2018	1783	13	UFSC - CENTRO SOCIO ECONOMICO - CSE	CAMPUS UNIVERSITARIO, S/N FONE (48) 3331 9560	Rua Roberto Sampaio Gonzaga > Trindade Sul > Trindade	Universidade Federal de Santa Catarina, Rua Roberto Sampaio Gonzaga, Trindade Sul, Trindade, Florianópolis, Santa Catarina, Região Sul, 88040-900, Brasil
2018	1791	13	COLEGIO ESTADUAL SIMAO JOSE HESS	AVENIDA MADRE BENVENUTA, 463 FONE (48) 3234 2323	Trindade Norte > Trindade	Avenida Madre Benvenuta, Trindade Norte, Trindade, Florianópolis, Santa Catarina, Região Sul, 88036-500, Brasil
2018	1805	12	CORAÇÃO DE JESUS - ASSOCIAÇÃO FRANCISCANA DE ENSINO BOM JESUS	RUA EMIR ROSA, N. 120	Centro > Sede	Rua Emir Rosa, Centro, Sede, Florianópolis, Santa Catarina, Região Sul, 88020-060, Brasil
2018	1805	13	CENTRO DE EDUCACAO ESCOLA DA ILHA	RUA VERA LINHARES DE ANDRADE, 1910 - FONE (48) 3233 5725	Itacorubi Sul > Itacorubi > Trindade	Rua Vera Linhares de Andrade, Itacorubi Sul, Itacorubi, Trindade, Florianópolis, Santa Catarina, Região Sul, 88034-570, Brasil
2018	1813	12	SALÃO PAROQUIAL DA IGREJA SÃO LUIZ	RUA PADRE SCHRADER, N. 49	Agronômica > Sede	Rua Padre Schrader, Agronômica, Sede, Florianópolis, Santa Catarina, Região Sul, 88025-090, Brasil
2018	1813	13	UFSC - CENTRO DE FILOSOFIA E CIENCIAS HUMANAS - CFH	CAMPUS UNIVERSITARIO, S/N FONE (48) 3331 9336	Rua Roberto Sampaio Gonzaga > Trindade Sul > Trindade	Universidade Federal de Santa Catarina, Rua Roberto Sampaio Gonzaga, Trindade Sul, Trindade, Florianópolis, Santa Catarina, Região Sul, 88040-900, Brasil
2018	1821	12	CRECHE IRMÃO CELSO	RUA RUI BARBOSA, N. 677 F	Agronômica > Sede	Rua Rui Barbosa, Agronômica, Sede, Florianópolis, Santa Catarina, Região Sul, 88025-300, Brasil
2018	1821	13	COLEGIO DE APLICACAO	CAMPUS UNIVERSITARIO	Rua Roberto Sampaio Gonzaga > Trindade Sul > Trindade	Universidade Federal de Santa Catarina, Rua Roberto Sampaio Gonzaga, Trindade Sul, Trindade, Florianópolis, Santa Catarina, Região Sul, 88040-900, Brasil
2018	2020	12	SESC - SERVIÇO SOCIAL DO COMÉRCIO	RUA GENERAL EURICO GASPAR DUTRA N. 913	Estreito	Rua General Eurico Gaspar Dutra, Estreito, Florianópolis, Santa Catarina, Região Sul, 88075-060, Brasil
2018	2038	12	INSTITUTO FEDERAL DE SANTA CATARINA - CAMPUS FLORIANOPOLIS CONTINENTE	RUA QUATORZE DE JULHO N 150	Estreito	Rua 14 de Julho, Estreito, Florianópolis, Santa Catarina, Região Sul, 88075-060, Brasil
2018	2046	12	ESCOLA DE EDUCAÇÃO BÁSICA ADERBAL RAMOS DA SILVA	RUA CORONEL PEDRO DEMORO, N. 1998	Balneário > Estreito	Rua Coronel Pedro Demoro, Balneário, Estreito, Florianópolis, Santa Catarina, Região Sul, 88075-301, Brasil
2018	2054	12	CENTRO DE CIÊNCIA DA SAÚDE E DO ESPORTE - CEFID / UDESC	RUA PASCHOAL SIMONE, N. 358	(vazio)	
2018	2062	12	ESCOLA DE EDUCAÇÃO BÁSICA JOSÉ BOITEUX	RUA MARECHAL CÂMARA, N. 182	Estreito	Rua Marechal Câmara, Estreito, Florianópolis, Santa Catarina, Região Sul, 88070-240, Brasil
2018	2070	12	ESCOLA DE EDUCAÇÃO BÁSICA PROFESSOR ANÍBAL NUNES PIRES	RUA IRMÃ BONAVITA, N. 240	Marinha > Jardim Atlântico > Estreito	Rua Irmã Bonavita, Marinha, Jardim Atlântico, Estreito, Florianópolis, Santa Catarina, Região Sul, 88095-152, Brasil
2018	2089	12	COLÉGIO NOSSA SENHORA DE FÁTIMA	RUA AFONSO PENA, N. 1264	Canto > Estreito	Rua Afonso Pena, Canto, Estreito, Florianópolis, Santa Catarina, Região Sul, 88070-650, Brasil
2018	2097	12	ESCOLA DE EDUCAÇÃO BÁSICA ROSINHA CAMPOS	RUA JOAQUIM FERNANDES DE OLIVEIRA, N. 428	Abraão > Coqueiros	Rua Joaquim Fernandes de Oliveira, Abraão, Coqueiros, Florianópolis, Santa Catarina, Região Sul, 88085-170, Brasil
2018	2100	12	ESCOLA BÁSICA MUNICIPAL ALMIRANTE CARVALHAL	RUA BENTO GOIA, N. 113	Saco da Lama > Coqueiros	Rua Bento Góia, Saco da Lama, Coqueiros, Florianópolis, Santa Catarina, Região Sul, 88080-150, Brasil
2018	2119	12	ESCOLA DE EDUCAÇÃO BÁSICA IRINEU BORNHAUSEN	RUA VEREADOR BATISTA PEREIRA, N. 306	Canto > Estreito	Rua Vereador Batista Pereira, Canto, Estreito, Florianópolis, Santa Catarina, Região Sul, 88070-730, Brasil
2018	2127	12	FUNASA - FUNDAÇÃO NACIONAL DE SAÚDE	AVENIDA MARINHEIRO MAX SCHRAMM,  N. 2179	Balneário > Estreito	Avenida Marinheiro Max Schramm, Balneário, Estreito, Florianópolis, Santa Catarina, Região Sul, 88075-535, Brasil
2018	2135	12	ESCOLA DE EDUCAÇÃO BÁSICA AMÉRICA DUTRA MACHADO	RUA JOAQUIM NABUCO N. 2875	Coloninha > Estreito	Rua Joaquim Nabuco, Coloninha, Estreito, Florianópolis, Santa Catarina, Região Sul, 88090-254, Brasil
2018	2143	12	ESCOLA DE EDUCAÇÃO BÁSICA PRESIDENTE ROOSEVELT	RUA PASCHOAL SIMONE, N. 80	(vazio)	
2018	2151	12	ESCOLA DE EDUCAÇÃO BÁSICA ROSA TORRES DE MIRANDA	RUA MELVIN JONES, N. 389	Jardim Atlântico Norte > Jardim Atlântico > Estreito	Rua Melvin Jones, Jardim Atlântico Norte, Jardim Atlântico, Estreito, Florianópolis, Santa Catarina, Região Sul, 88095-400, Brasil
2018	2160	12	ESCOLA DE EDUCAÇÃO BÁSICA EDITH GAMA RAMOS	RUA DIB CHEREM, N. 2773	Capoeiras Oeste > Capoeiras > Estreito	Rua Prefeito Dib Cherem, Capoeiras Oeste, Capoeiras, Estreito, Florianópolis, Santa Catarina, Região Sul, 88090-100, Brasil
2018	2178	12	ESCOLA DE EDUCAÇÃO BÁSICA PERO VAZ DE CAMINHA	RUA IRMÃ BONAVITA, N. 954	Marinha > Jardim Atlântico > Estreito	Rua Irmã Bonavita, Marinha, Jardim Atlântico, Estreito, Florianópolis, Santa Catarina, Região Sul, 88095-152, Brasil
2018	2186	12	COLÉGIO ANTÔNIO PEIXOTO	RUA VEREADOR BATISTA PEREIRA, N. 656	Canto > Estreito	Rua Vereador Batista Pereira, Canto, Estreito, Florianópolis, Santa Catarina, Região Sul, 88070-730, Brasil
2018	2194	12	CONSELHO COMUNITÁRIO DA COLONINHA	RUA JOÃO EVANGELISTA DA COSTA, N. 435	Coloninha > Estreito	Rua João Evangelista da Costa, Coloninha, Estreito, Florianópolis, Santa Catarina, Região Sul, 89022-280, Brasil
2018	2208	12	ESCOLA DE EDUCAÇÃO BÁSICA JORNALISTA JAIRO CALLADO	RUA ANTONIETA DE BARROS, N. 581	Canto > Estreito	Rua Professora Antonieta de Barros, Canto, Estreito, Florianópolis, Santa Catarina, Região Sul, 88090-350, Brasil
2018	2216	12	PARÓQUIA NOSSA SENHORA DO CARMO	RUA PROFESSOR BAYER FILHO, N. 81	Nossa Senhora Aparecida > Coqueiros	Rua Professor Bayer Filho, Nossa Senhora Aparecida, Coqueiros, Florianópolis, Santa Catarina, Região Sul, 88080-250, Brasil
2018	2224	12	O. ASSIST. SOCIAL DOM ORIONE (PARÓQUIA SÃO JOÃO BATISTA E SANTA LUZIA)	RUA DIB CHEREM, N. 2698	Capoeiras Oeste > Capoeiras > Estreito	Rua Prefeito Dib Cherem, Capoeiras Oeste, Capoeiras, Estreito, Florianópolis, Santa Catarina, Região Sul, 88090-100, Brasil
2018	2232	12	INSS - AGÊNCIA DA PREVIDÊNCIA SOCIAL	AVENIDA  IVO SILVEIRA, N. 1960	Capoeiras Leste > Capoeiras > Estreito	Avenida Governador Ivo Silveira, Capoeiras Leste, Capoeiras, Estreito, Florianópolis, Santa Catarina, Região Sul, 88085-000, Brasil
2018	2240	12	PENITENCIÁRIA DE FLORIANÓPOLIS	RUA DELMINDA DA SILVEIRA, 960	Rua Delminda Silveira > Agronômica > Sede	Museu de Arte de Santa Catarina, Rua Delminda Silveira, Agronômica, Sede, Florianópolis, Santa Catarina, Região Sul, 88025-250, Brasil
2018	2267	12	UNISUL - UNIDADE FLORIANÓPOLIS - R. ADOLFO MELO	R. ADOLFO MELO, N. 34	Centro > Sede	Rua Adolfo Melo, Centro, Sede, Florianópolis, Santa Catarina, Região Sul, 88015-110, Brasil
2018	2275	12	INSTITUTO FEDERAL DE SANTA CATARINA - CAMPUS FLORIANOPOLIS CONTINENTE	RUA QUATORZE DE JULHO N 150	Estreito	Rua 14 de Julho, Estreito, Florianópolis, Santa Catarina, Região Sul, 88075-060, Brasil
2022	1015	12	CENTRO EDUCACIONAL MENINO JESUS	RUA ESTEVES JÚNIOR, N. 969	Centro > Sede	Rua Esteves Júnior, Centro, Sede, Florianópolis, Santa Catarina, Região Sul, 88015-240, Brasil
2022	1023	12	COLÉGIO SANTA CATARINA	RUA FREI EVARISTO, N.  91	Centro > Sede	Rua Frei Evaristo, Centro, Sede, Florianópolis, Santa Catarina, Região Sul, 88015-410, Brasil
2022	1031	12	CENTRO DE EDUCAÇÃO CONTINUADA - (SILVEIRA DE SOUZA)	RUA FERREIRA LIMA N 82	Centro > Sede	Rua Ferreira Lima, Centro, Sede, Florianópolis, Santa Catarina, Região Sul, 88015-420, Brasil
2022	1058	12	ESCOLA TÉCNICA - CENTRO FEDERAL DE EDUC. TECNOLÓGICA DE SC - CEFET/SC	AVENIDA MAURO RAMOS, N. 950	Centro > Sede	Avenida Mauro Ramos, Centro, Sede, Florianópolis, Santa Catarina, Região Sul, 88015-420, Brasil
2022	1090	100	ACOJAR	RUA NERY CARDOSO BITTENCOURT, N. 61	Santa Mônica > Trindade	Rua Nery Cardoso Bittencourt, Santa Mônica, Trindade, Florianópolis, Santa Catarina, Região Sul, 88035-300, Brasil
2022	1139	12	NÚCLEO DE EDUCAÇÃO INFANTIL MUNICIPAL SÉRGIO GRANDO	RUA CRUZ E SOUZA N 308	(vazio)	
2022	1147	12	ESCOLA DE EDUCAÇÃO BÁSICA PADRE ANCHIETA	RUA RUI BARBOSA, N. 525	Agronômica > Sede	Rua Rui Barbosa, Agronômica, Sede, Florianópolis, Santa Catarina, Região Sul, 88025-300, Brasil
2022	1155	100	UDESC - CENTRO DE ARTES - CEART	AVENIDA MADRE BENVENUTA, 2007	Trindade Norte > Trindade	Avenida Madre Benvenuta, Trindade Norte, Trindade, Florianópolis, Santa Catarina, Região Sul, 88036-500, Brasil
2022	1155	12	NÚCLEO DE EDUCAÇÃO INFANTIL MUNICIPAL JOÃO MACHADO DA SILVA	TRAVESSA JOSÉ PEDRO GIL, N. 195	(vazio)	
2022	1163	100	COLEGIO ESTADUAL PROFESSORA LAURA LIMA	RUA DO LOURO, 143	Monte Verde > Saco Grande	Rua do Louro, Monte Verde, Saco Grande, Florianópolis, Santa Catarina, Região Sul, 88032-300, Brasil
2022	1163	12	FAESC - FEDERAÇÃO DE AGRICULTURA E PECUÁRIA DE SANTA CATARINA	RUA DELMINDA SILVEIRA, N.200	Agronômica > Sede	Rua Delminda Silveira, Agronômica, Sede, Florianópolis, Santa Catarina, Região Sul, 88025-510, Brasil
2022	1171	100	SENAI - CTAI	RODOVIA SC 401, 3730	Ratones	Rodovia José Carlos Daux, Ratones, Florianópolis, Santa Catarina, Região Sul, 88052-100, Brasil
2022	1180	100	ESCOLA BASICA JOSÉ DO VALLE PEREIRA	RODOVIA JOAO PAULO, 1268	João Paulo > Saco Grande	Rodovia João Paulo, João Paulo, Saco Grande, Florianópolis, Santa Catarina, Região Sul, 88030-361, Brasil
2022	1201	100	SESC - SERVICO SOCIAL DO COMERCIO	RODOVIA HAROLDO SOARES GLAVAN, 1670	Estrada Haroldo Soares Glavan > Saco Grande Oeste > Saco Grande	Rodovia Haroldo Soares Glavan, Estrada Haroldo Soares Glavan, Saco Grande Oeste, Saco Grande, Florianópolis, Santa Catarina, Região Sul, 88032-005, Brasil
2022	1210	100	ESCOLA BÁSICA MUNICIPAL PAULO FONTES	RUA PROFESSOR OSNI BARBATO, 168	Santo Antônio de Lisboa Oeste > Santo Antônio de Lisboa	Rua Professor Osni Barbato, Santo Antônio de Lisboa Oeste, Santo Antônio de Lisboa, Florianópolis, Santa Catarina, Região Sul, 88050-400, Brasil
2022	1228	100	N.E.I. - NÚCLEO DE EDUCAÇÃO INFANTIL MARIA SALOMÉ DOS SANTOS	RUA PROFESSOR EUCLIDES DA CUNHA, S/N	(vazio)	
2022	1244	100	ESCOLA BASICA MUNICIPAL MANCIO COSTA - ESCOLA DO FUTUROI	ESTRADA JOÃO JANUÁRIO DA SILVA S/N	(vazio)	
2022	1252	100	IGREJA SÃO BRAS - SALÃO PAROQUIAL (MITRA METROPOLITANA)	RUA MANOEL LEONCIO DE SOUZA BRITO, 549	(vazio)	
2022	1260	100	ESCOLA BASICA MUNICIPAL ALBERTINA MADALENA DIAS	RUA CRISTOVAO MACHADO DE CAMPOS, N. 1537	(vazio)	
2022	1279	100	ESCOLA BÁSICA LUIZ CÂNDIDO DA LUZ -  PONTA DO MORRO	RODOVIA SC 403 KM 3, S/N	km 3 > Rodovia Armando Calil Bulos > Vargem do Bom Jesus > Cachoeira do Bom Jesus	Escola Luiz Cândido da Luz, km 3, Rodovia Armando Calil Bulos, Vargem do Bom Jesus, Cachoeira do Bom Jesus, Florianópolis, Santa Catarina, Região Sul, 88056-599
2022	1287	100	ASSOCIAÇÃO DOS ECONOMIÁRIOS FEDERAIS DE SC	RUA ALAMEDA CÉSAR NASCIMENTO, 700	700 > Rua César Nascimento > Jurerê Leste > Jurerê > Canasvieiras	Associação do Pessoal da Caixa Econômica Federal de Santa Catarina, 700, Rua César Nascimento, Jurerê Leste, Jurerê, Canasvieiras, Florianópolis, Santa Catarina
2022	1287	13	COLÉGIO ESTADUAL JUREMA CAVALAZZI	RUA PROFESSOR ANIBAL NUNES PIRES, S/N	José Mendes > Sede	Rua Professor Aníbal Nunes Pires, José Mendes, Sede, Florianópolis, Santa Catarina, Região Sul, 88020-200, Brasil
2022	1295	100	CRECHE MARIA TEREZINHA SARDÁ DA LUZ (ANTIGO N.E.I. PRAIA DO FORTE)	RUA JOSE CARDOSO OLIVEIRA, 3547	Servidão José Cardoso de Oliveira > Forte > Praia do Forte > Canasvieiras	Final Rua José Cardoso de Oliveira, Servidão José Cardoso de Oliveira, Forte, Praia do Forte, Canasvieiras, Florianópolis, Santa Catarina, Região Sul, 88053-306
2022	1295	13	COLEGIO ESTADUAL GETULIO VARGAS	RUA JOAO MOTTA ESPEZIM, N. 499	Saco dos Limões	Rua João Motta Espezim, Saco dos Limões, Florianópolis, Santa Catarina, Região Sul, 88045-401, Brasil
2022	1309	100	ESCOLA BÁSICA JURERÊ (ANTIGA ESCOLA PRAIA DE FORA)	RUA JURERE TRADICIONAL, 230	Jurerê Leste > Jurerê > Canasvieiras	Rua Jurerê Tradicional, Jurerê Leste, Jurerê, Canasvieiras, Florianópolis, Santa Catarina, Região Sul, 88053-418, Brasil
2022	1309	13	CRECHE HASSIS	AVENIDA JORGE LACERDA, N. 1472	Costeira do Pirajubaé > Saco dos Limões	Avenida Jorge Lacerda, Costeira do Pirajubaé, Saco dos Limões, Florianópolis, Santa Catarina, Região Sul, 88047-010, Brasil
2022	1317	100	ESCOLA BASICA MUNICIPAL OSMAR CUNHA	RUA TERTULIANO DE BRITO XAVIER, 661	(vazio)	
2022	1317	13	CENTRO PÚBLICO DE CONVIVÊNCIA DA COSTEIRA DO PIRAJUBAÉ	RUA CAMINHO DOS ESTUDANTES, S/N	Costeira do Pirajubaé > Saco dos Limões	Rua Caminho dos Estudantes, Costeira do Pirajubaé, Saco dos Limões, Florianópolis, Santa Catarina, Região Sul, 88048-000, Brasil
2022	1325	100	ESCOLA BÁSICA MUNICIPAL INTENDENTE ARICOMEDES DA SILVA	RODOVIA LEONEL PEREIRA, 930	(vazio)	
2022	1325	13	ESCOLA DE EDUCACAO BASICA IDELFONSO LINHARES	RUA VER. OSVALDO BITTENCOURT, N. 206	(vazio)	
2022	1333	13	ESCOLA EDUCAÇÃO BÁSICA TENENTE ALMACHIO	AVENIDA SANTOS DUMONT, N. E025	Base Aérea > Carianos > Tapera da Base	Avenida Santos Dumont, Base Aérea, Carianos, Tapera da Base, Florianópolis, Santa Catarina, Região Sul, 88047-900, Brasil
2022	1341	100	ESCOLA BÁSICA MUNICIPAL OSVALDO MACHADO	RUA LUIZ BOITEUX PIAZZA, 6542	(vazio)	
2022	1341	13	COLÉGIO ESTADUAL DOM JAIME DE BARROS CÂMARA	RODOVIA BALDICERO FILOMENO, N. 7821	Caiacanga > Ribeirão da Ilha	Rodovia Baldicero Filomeno, Caiacanga, Ribeirão da Ilha, Florianópolis, Santa Catarina, Região Sul, 89064-002, Brasil
2022	1350	13	ESCOLA BASICA MUNICIPAL BATISTA PEREIRA	RODOVIA BALDICERO FILOMENO, 3000	Caiacanga > Ribeirão da Ilha	Rodovia Baldicero Filomeno, Caiacanga, Ribeirão da Ilha, Florianópolis, Santa Catarina, Região Sul, 89064-002, Brasil
2022	1368	100	ESCOLA DE ENSINO BÁSICO INTENDENTE JOSE FERNANDES	RUA JOAO GUALBERTO SOARES, 324	(vazio)	
2022	1368	13	ESCOLA MARCELINO BARCELOS DUTRA	RODOVIA BALDICERO FILOMENO, 11264	Caiacanga > Ribeirão da Ilha	Rodovia Baldicero Filomeno, Caiacanga, Ribeirão da Ilha, Florianópolis, Santa Catarina, Região Sul, 89064-002, Brasil
2022	1376	100	N.E.I. - NUCLEO DE EDUCAÇÃO INFANTIL GENTIL MATHIAS DA SILVA	RUA DOM JOAO BECKER, 988	(vazio)	
2022	1376	13	NEI - NÚCLEO DE EDUCAÇÃO INFANTIL - CAIEIRA DA BARRA DO SUL	RODOVIA BALDICERO FILOMENO, N. 19795	Caiacanga > Ribeirão da Ilha	Rodovia Baldicero Filomeno, Caiacanga, Ribeirão da Ilha, Florianópolis, Santa Catarina, Região Sul, 89064-002, Brasil
2022	1384	100	ESCOLA BASICA MUNICIPAL MARIA CONCEICAO NUNES	RUA LUIZ DUARTE, S/N	(vazio)	
2022	1384	13	ESCOLA DE ENSINO FUNDAMENTAL SEVERO HONORATO DA COSTA	RUA OTACILIO ABELARDO GOMES, 115	Pântano do Sul	Rua Abelardo Otacílio Gomes, Pântano do Sul, Florianópolis, Santa Catarina, Região Sul, 88067-102, Brasil
2022	1392	13	ESCOLA BASICA MUNICIPAL DILMA LUCIA DOS SANTOS	RODOVIA SC 406, 6050	Capivari > Ingleses > Ingleses do Rio Vermelho	Rodovia João Gualberto Soares, Capivari, Ingleses, Ingleses do Rio Vermelho, Florianópolis, Santa Catarina, Região Sul, 88058-405, Brasil
2022	1406	13	ESCOLA BÁSICA MUNICIPAL COSTA DE DENTRO	ESTRADA JOÃO BELARMINO DA SILVA, N. 2550	Pântano do Sul	Estrada João Bellarmino da Silva, Pântano do Sul, Florianópolis, Santa Catarina, Região Sul, 88067-130, Brasil
2022	1414	13	ESCOLA DE ENSINO FUNDAMENTAL BALDICERO FILOMENO	RUA PEDRO MANOEL DA SILVEIRA, N. 230,	(vazio)	
2022	1422	13	ESCOLA BÁSICA MUNICIPAL JOSÉ AMARO CORDEIRO	RODOVIA SC 406, AV. FRANCISCO THOMAS DE SOUZA, N. 1691	Capivari > Ingleses > Ingleses do Rio Vermelho	Rodovia João Gualberto Soares, Capivari, Ingleses, Ingleses do Rio Vermelho, Florianópolis, Santa Catarina, Região Sul, 88058-405, Brasil
2022	1457	100	ASSOCIAÇÃO LOTEAMENTO JOÃO GONZAGA COSTA	RUA DA APICULTURA, 139	Saco Grande Leste > Saco Grande	Rua da Apicultura, Saco Grande Leste, Saco Grande, Florianópolis, Santa Catarina, Região Sul, 88032-001, Brasil
2022	1465	100	JURERÊ SPORTS CENTER	AVENIDA DOS DOURADOS, 481	Jurerê Oeste > Jurerê > Canasvieiras	Avenida dos Dourados, Jurerê Oeste, Jurerê, Canasvieiras, Florianópolis, Santa Catarina, Região Sul, 88053-400, Brasil
2022	1473	100	ESCOLA BÁSICA MUNICIPAL DONICIA MARIA DA COSTA	RODOVIA VIRGILIO VARZEA, S/N	Canasvieiras	Rodovia Virgílio Várzea, Canasvieiras, Florianópolis, Santa Catarina, Região Sul, 88054-620, Brasil
2022	1481	100	ESCOLA DE ENSINO BASICO LEONOR DE BARROS	RUA PASTOR WILLIAM RICHARD SCHISLER FILHO, 80	Itacorubi Norte > Itacorubi > Trindade	Rua Pastor William Richard Schisler Filho, Itacorubi Norte, Itacorubi, Trindade, Florianópolis, Santa Catarina, Região Sul, 88034-100, Brasil
2022	1503	100	ESCOLA DE ENSINO BÁSICO DE MUQUEM	RUA MANOEL PETRONILHO DA SILVEIRA, 1	Muquém > Rio Vermelho > São João do Rio Vermelho	Rua Manoel Petronilho da Silveira, Muquém, Rio Vermelho, São João do Rio Vermelho, Florianópolis, Santa Catarina, Região Sul, 88060-132, Brasil
2022	1538	100	CRECHE NEIM VICENTINA MARIA DA COSTA LAURINDO	RODOVIA JOSÉ CARLOS DAUX, 16019 (SC 401 KM 15)	Rio da Palha > Canasvieiras	Rodovia José Carlos Daux, Rio da Palha, Canasvieiras, Florianópolis, Santa Catarina, Região Sul, 88058-005, Brasil
2022	1546	13	ESCOLA BÁSICA MUNICIPAL BRIGADEIRO EDUARDO GOMES	AVENIDA PEQUENO PRÍNCIPE, N. 2939	Campeche Central > Campeche	Avenida Pequeno Príncipe, Campeche Central, Campeche, Florianópolis, Santa Catarina, Região Sul, 88063-000, Brasil
2022	1554	13	ESCOLA DE ENSINO BASICO JANUARIA TEIXEIRA DA ROCHA	RUA DA CAPELA, N. 1234	Campeche Norte > Campeche	Rua da Capela, Campeche Norte, Campeche, Florianópolis, Santa Catarina, Região Sul, 88063-300, Brasil
2022	1562	100	COLÉGIO SANTA TEREZINHA	SERVIDAO SAFIRA, N. 148	Ingleses Centro > Ingleses > Ingleses do Rio Vermelho	Servidão Safira, Ingleses Centro, Ingleses, Ingleses do Rio Vermelho, Florianópolis, Santa Catarina, Região Sul, 88058-187, Brasil
2022	1562	13	ESCOLA BÁSICA MUNICIPAL JOÃO GONÇALVES PINHEIRO	RUA SILVIO LOPES ARAÚJO, S/N	Lagoa Pequena > Rio Tavares > Campeche	Rua Sílvio Lopes Araújo, Lagoa Pequena, Rio Tavares, Campeche, Florianópolis, Santa Catarina, Região Sul, 88048-391, Brasil
2022	1570	13	ESCOLA DE ENSINO MÉDIO VEREADOR OSCAR MANOEL CONCEIÇÃO	RODOVIA SC 405, S/N,	Autódromo > Campeche	Rodovia Francisco Magno Vieira, Autódromo, Campeche, Florianópolis, Santa Catarina, Região Sul, 88065-500, Brasil
2022	1589	100	ESCOLA BÁSICA MARCOLINO JOSE DE LIMA	RODOVIA  ISID DUTRA, 1200	(vazio)	
2022	1589	13	CONSELHO COMUNITÁRIO DO SACO DOS LIMÕES	RUA JOÃO MOTTA ESPEZIM, N. 783	Saco dos Limões	Rua João Motta Espezim, Saco dos Limões, Florianópolis, Santa Catarina, Região Sul, 88045-520, Brasil
2022	1597	100	ESCOLA DINAMICA	RUA CRISTOVAO MACHADO DE CAMPOS, 1001	(vazio)	
2022	1597	13	ESCOLA BÁSICA MUNICIPAL TAPERA - ESCOLA DO FUTURO	RODOVIA AÇORIANA, S/N	Tapera da Base	Rodovia Açoriana, Tapera da Base, Florianópolis, Santa Catarina, Região Sul, 88049-400, Brasil
2022	1600	100	CENTRO EDUCACIONAL UNIVERSO	SERVIDÃO PROFESSOR NILSON JOSÉ DE JESUS, 91 (SC 403, KM 06)	Ingleses Centro > Ingleses > Ingleses do Rio Vermelho	Servidão Professor Nilson José de Jesus, Ingleses Centro, Ingleses, Ingleses do Rio Vermelho, Florianópolis, Santa Catarina, Região Sul, 88058-785, Brasil
2022	1619	13	ESCOLA BASICA ACACIO GARIBALDI SAO TIAGO	RUA ALTAMIRO BARCELOS DUTRA, 1195	Fortaleza da Barra da Lagoa > Barra da Lagoa	Rua Altamiro Barcelos Dutra, Fortaleza da Barra da Lagoa, Barra da Lagoa, Florianópolis, Santa Catarina, Região Sul, 88061-300, Brasil
2022	1627	100	CRECHE ORLANDINA CORDEIRO	RODOVIA VIRGILIO VARZEA, 380, FONE (48) 3238 0305	Canasvieiras	Rodovia Virgílio Várzea, Canasvieiras, Florianópolis, Santa Catarina, Região Sul, 88054-620, Brasil
2022	1627	13	ESCOLA DESDOBRADA MUNICIPAL JOAO FRANCISCO GARCES	RUA LAURINDO JANUARIO DA SILVEIRA, 2447	Canto da Lagoa > Lagoa da Conceição	Rua Laurindo Januário da Silveira, Canto da Lagoa, Lagoa da Conceição, Florianópolis, Santa Catarina, Região Sul, 88062-200, Brasil
2022	1635	13	COLÉGIO DA LAGOA	RUA HIPÓLITO DO VALE PEREIRA, N. 121	(vazio)	
2022	1643	100	ESCOLA BASICA MARIA TOMAZIA COELHO	RUA VEREADOR ONILDO LEMOS, 1409	(vazio)	
2022	1643	13	ESCOLA DESDOBRADA COSTA DA LAGOA	ESTRADA GERAL COSTA DA LAGOA S/N	(vazio)	
2022	1651	13	ESCOLA BASICA MUNICIPAL HENRIQUE VERAS	RUA JOAO PACHECO DA COSTA, 249	Lagoa da Conceição	Rua João Pacheco da Costa, Lagoa da Conceição, Florianópolis, Santa Catarina, Região Sul, 88062-100, Brasil
2022	1660	100	CONSELHO COMUNITÁRIO PONTAL DO JURERÊ	AVENIDA DAS PALMEIRAS, N. 566	Daniela > Canasvieiras	Avenida das Palmeiras, Daniela, Canasvieiras, Florianópolis, Santa Catarina, Região Sul, 88053-100, Brasil
2022	1660	13	ASSOCIACAO DOS MORADORES DO PORTO DA LAGOA	RUA LAURINDO JANUARIO DA SILVEIRA, 5500	Canto da Lagoa > Lagoa da Conceição	Rua Laurindo Januário da Silveira, Canto da Lagoa, Lagoa da Conceição, Florianópolis, Santa Catarina, Região Sul, 88062-200, Brasil
2022	1678	100	E.B.M. ANTÔNIO PASCHOAL APÓSTOLO	RODOVIA JOÃO GUALBERTO SOARES, 6809	Rio Vermelho Norte > Rio Vermelho > São João do Rio Vermelho	Rodovia João Gualberto Soares, Rio Vermelho Norte, Rio Vermelho, São João do Rio Vermelho, Florianópolis, Santa Catarina, Região Sul, 88060-378, Brasil
2022	1678	13	ESCOLA DESDOBRADA RETIRO DA LAGOA	RUA PREFEITO ACACIO GARIBALDI SAO THIAGO, 210	(vazio)	
2022	1686	100	ANEXO DA ESCOLA DE ENSINO BÁSICO INTENDENTE JOSÉ FERNANDES	SERVIDÃO MANOEL LAUREANO DOS SANTOS, 1144	Capivari > Ingleses > Ingleses do Rio Vermelho	Servidão Manoel Laureano dos Santos, Capivari, Ingleses, Ingleses do Rio Vermelho, Florianópolis, Santa Catarina, Região Sul, 88058-323, Brasil
2022	1686	12	COLÉGIO GERAÇÃO JÚNIOR - UNIDADE BEIRAMAR	RUA SÃO JOÃO BATISTA, N. 60	Agronômica > Sede	Rua São João Batista, Agronômica, Sede, Florianópolis, Santa Catarina, Região Sul, 88025-202, Brasil
2022	1686	13	NEI CANTO DA LAGOA	RUA LAURINDO JANUÁRIO DA SILVEIRA, N. 2493	Canto da Lagoa > Lagoa da Conceição	Rua Laurindo Januário da Silveira, Canto da Lagoa, Lagoa da Conceição, Florianópolis, Santa Catarina, Região Sul, 88062-200, Brasil
2022	1708	100	E.E.M. JACÓ ANDERLE	RUA FRANCISCO FAUSTO MARTINS, S/N	Vargem Grande > Cachoeira do Bom Jesus	Rua Francisco Fausto Martins, Vargem Grande, Cachoeira do Bom Jesus, Florianópolis, Santa Catarina, Região Sul, 88052-810, Brasil
2022	1708	12	COLEGIO CATARINENSE	RUA ESTEVES JÚNIOR, N. 711	Centro > Sede	Rua Esteves Júnior, Centro, Sede, Florianópolis, Santa Catarina, Região Sul, 88015-240, Brasil
2022	1716	12	ESCOLA DE EDUCAÇÃO BASICA PROFESSOR HENRIQUE STODIECK	RUA ESTEVES JUNIOR, N. 65	Rua Esteves Júnior > Centro > Sede	Rua Esteves Junior, Rua Esteves Júnior, Centro, Sede, Florianópolis, Santa Catarina, Região Sul, 88015-200, Brasil
2022	1716	13	CENTRO DE DESPORTOS - UFSC	CIDADE UNIVERSITARIA	100 > Rua Nirberto Haase > Santa Mônica > Trindade	Agência de Correios Cidade Universitária, 100, Rua Nirberto Haase, Santa Mônica, Trindade, Florianópolis, Santa Catarina, Região Sul, 88040-959, Brasil
2022	1724	100	ESCOLA BÁSICA MUNICIPAL VIRGÍLIO REIS VÁRZEA	RUA MANOEL MANCELLOS MOURA, S/N	Canasvieiras	Rua Manoel Mancellos Moura, Canasvieiras, Florianópolis, Santa Catarina, Região Sul, 88054-210, Brasil
2022	1724	13	CRECHE WALDEMAR DA SILVA FILHO	AVENIDA  MADRE BENVENUTA, 521	Trindade Norte > Trindade	Avenida Madre Benvenuta, Trindade Norte, Trindade, Florianópolis, Santa Catarina, Região Sul, 88036-500, Brasil
2022	1732	100	ESCOLA BÁSICA MUNICIPAL PROFESSORA HERONDINA MEDEIROS ZEFERINO	RUA TRÊS MARIAS, 1072	(vazio)	
2022	1732	12	NÚCLEO DE EDUCAÇÃO INFANTIL MUNICIPAL CELSO RAMOS	RUA PROFESSOR ALDO CÂMARA DA SILVA, N. 120	Centro > Sede	Rua Professor Aldo Câmara da Silva, Centro, Sede, Florianópolis, Santa Catarina, Região Sul, 88020-180, Brasil
2022	1732	13	ESCOLA DE EDUCAÇÃO BÁSICA HILDA TEODORO VIEIRA	RUA LAURO LINHARES, N. 560	Trindade Norte > Trindade	Rua Lauro Linhares, Trindade Norte, Trindade, Florianópolis, Santa Catarina, Região Sul, 88036-001, Brasil
2022	1740	100	UDESC - ESCOLA SUPERIOR DE ADMINISTRAÇÃO E GERÊNCIA - ESAG	AVENIDA MADRE BENVENUTA, 2037	Trindade Norte > Trindade	Avenida Madre Benvenuta, Trindade Norte, Trindade, Florianópolis, Santa Catarina, Região Sul, 88036-500, Brasil
2022	1740	12	CENTRO EDUCACIONAL MARISTA LÚCIA MAYVORNE	RUA GENERAL VIEIRA DA ROSA,  N. 1050	Saco dos Limões	Rua General Vieira da Rosa, Saco dos Limões, Florianópolis, Santa Catarina, Região Sul, 88040-440, Brasil
2022	1740	13	ESCOLA BASICA JOAO ALFREDO HOHR	RUA JOAO PIO DUARTE SILVA, 1123	Córrego Grande > Trindade	Rua João Pio Duarte Silva, Córrego Grande, Trindade, Florianópolis, Santa Catarina, Região Sul, 88034-700, Brasil
2022	1759	13	ESCOLA BÁSICA BEATRIZ DE SOUZA BRITO	RUA DEPUTADO ANTÔNIO EDU VIEIRA, N. 600	Trindade Sul > Pantanal > Trindade	Rua Deputado Antônio Edu Vieira, Trindade Sul, Pantanal, Trindade, Florianópolis, Santa Catarina, Região Sul, 88040-000, Brasil
2022	1767	12	EDUCANDARIO IMACULADA CONCEICAO	RUA SAO FRANCISCO, 148 FONE (48) 33221037	Centro > Sede	Rua São Francisco, Centro, Sede, Florianópolis, Santa Catarina, Região Sul, 88015-200, Brasil
2022	1767	13	CCJ - CENTRO DE CIENCIAS JURIDICAS	CAMPUS UNIVERSITARIO	Rua Roberto Sampaio Gonzaga > Trindade Sul > Trindade	Universidade Federal de Santa Catarina, Rua Roberto Sampaio Gonzaga, Trindade Sul, Trindade, Florianópolis, Santa Catarina, Região Sul, 88040-900, Brasil
2022	1775	12	COLÉGIO ADVENTISTA DE FLORIANÓPOLIS - UNIDADE CENTRO	RUA VISCONDE DE OURO PRETO N 347	Centro > Sede	Rua Visconde de Ouro Preto, Centro, Sede, Florianópolis, Santa Catarina, Região Sul, 88010-540, Brasil
2022	1775	13	UFSC - CENTRO TECNOLOGICO - CTC	CAMPUS UNIVERSITARIO, S/N	Rua Roberto Sampaio Gonzaga > Trindade Sul > Trindade	Universidade Federal de Santa Catarina, Rua Roberto Sampaio Gonzaga, Trindade Sul, Trindade, Florianópolis, Santa Catarina, Região Sul, 88040-900, Brasil
2022	1783	12	INSTITUTO ESTADUAL DE EDUCAÇÃO - IEE	AVENIDA MAURO RAMOS, N. 275	Centro > Sede	Avenida Mauro Ramos, Centro, Sede, Florianópolis, Santa Catarina, Região Sul, 88015-420, Brasil
2022	1783	13	UFSC - CENTRO SOCIO ECONOMICO - CSE	CAMPUS UNIVERSITARIO, S/N	Rua Roberto Sampaio Gonzaga > Trindade Sul > Trindade	Universidade Federal de Santa Catarina, Rua Roberto Sampaio Gonzaga, Trindade Sul, Trindade, Florianópolis, Santa Catarina, Região Sul, 88040-900, Brasil
2022	1791	13	COLEGIO ESTADUAL SIMAO JOSE HESS	AVENIDA MADRE BENVENUTA, 463	Trindade Norte > Trindade	Avenida Madre Benvenuta, Trindade Norte, Trindade, Florianópolis, Santa Catarina, Região Sul, 88036-500, Brasil
2022	1805	12	CORAÇÃO DE JESUS - ASSOCIAÇÃO FRANCISCANA DE ENSINO BOM JESUS	RUA EMIR ROSA, N. 120	Centro > Sede	Rua Emir Rosa, Centro, Sede, Florianópolis, Santa Catarina, Região Sul, 88020-060, Brasil
2022	1805	13	CENTRO DE EDUCACAO ESCOLA DA ILHA	RUA VERA LINHARES DE ANDRADE, 1910	Itacorubi Sul > Itacorubi > Trindade	Rua Vera Linhares de Andrade, Itacorubi Sul, Itacorubi, Trindade, Florianópolis, Santa Catarina, Região Sul, 88034-570, Brasil
2022	1813	12	SALÃO PAROQUIAL DA IGREJA SÃO LUIZ	RUA PADRE SCHRADER, N. 49	Agronômica > Sede	Rua Padre Schrader, Agronômica, Sede, Florianópolis, Santa Catarina, Região Sul, 88025-090, Brasil
2022	1813	13	UFSC - CENTRO DE FILOSOFIA E CIENCIAS HUMANAS - CFH	CAMPUS UNIVERSITARIO, S/N	Rua Roberto Sampaio Gonzaga > Trindade Sul > Trindade	Universidade Federal de Santa Catarina, Rua Roberto Sampaio Gonzaga, Trindade Sul, Trindade, Florianópolis, Santa Catarina, Região Sul, 88040-900, Brasil
2022	1821	12	NÚCLEO DE EDUCAÇÃO INFANTIL MUNICIPAL IRMÃO CELSO	RUA RUI BARBOSA, N. 677 F	Agronômica > Sede	Rua Rui Barbosa, Agronômica, Sede, Florianópolis, Santa Catarina, Região Sul, 88025-300, Brasil
2022	1821	13	COLEGIO DE APLICACAO	CAMPUS UNIVERSITARIO	Rua Roberto Sampaio Gonzaga > Trindade Sul > Trindade	Universidade Federal de Santa Catarina, Rua Roberto Sampaio Gonzaga, Trindade Sul, Trindade, Florianópolis, Santa Catarina, Região Sul, 88040-900, Brasil
2022	1830	100	ANEXO II DA ESCOLA INTENDENTE JOSÉ FERNANDES	RUA INTENDENTE JUÃO NUNES VIEIRA, 636	(vazio)	
2022	1848	100	CENTRO DE CIÊNCIAS AGRÁRIA DA UNIVERSIDADE FEDERAL DE SANTA CATRINA	RODOVIA ADMAR GONZAGA, 1346	Itacorubi Sul > Itacorubi > Trindade	Rodovia Admar Gonzaga, Itacorubi Sul, Itacorubi, Trindade, Florianópolis, Santa Catarina, Região Sul, 88034-600, Brasil
2022	1864	13	COLÉGIO DO CAMPECHE	RODOVIA SC 405, 4501	Autódromo > Campeche	Rodovia Francisco Magno Vieira, Autódromo, Campeche, Florianópolis, Santa Catarina, Região Sul, 88065-500, Brasil
2022	1899	13	ESCOLA BÁSICA MUNICIPAL ADOTIVA LIBERATO VALENTIM	AVENIDA JORGE LACERDA, N. 1559	Costeira do Pirajubaé > Saco dos Limões	Avenida Jorge Lacerda, Costeira do Pirajubaé, Saco dos Limões, Florianópolis, Santa Catarina, Região Sul, 88047-010, Brasil
2022	1902	13	COLÉGIO IDENTIDADE	AV. PEQUENO PRÍNCIPE, 525	Campeche Central > Campeche	Avenida Pequeno Príncipe, Campeche Central, Campeche, Florianópolis, Santa Catarina, Região Sul, 88063-000, Brasil
2022	1910	13	PRESÍDIO FEMININO DE FLORIANÓPOLIS	RUA LAURO LINHARES, S/N	Trindade Norte > Trindade	Rua Lauro Linhares, Trindade Norte, Trindade, Florianópolis, Santa Catarina, Região Sul, 88036-001, Brasil
2022	2020	12	SESC - SERVIÇO SOCIAL DO COMÉRCIO	RUA GENERAL EURICO GASPAR DUTRA N. 913	Estreito	Rua General Eurico Gaspar Dutra, Estreito, Florianópolis, Santa Catarina, Região Sul, 88075-060, Brasil
2022	2038	12	INSTITUTO FEDERAL DE SANTA CATARINA - CAMPUS FLORIANOPOLIS CONTINENTE	RUA QUATORZE DE JULHO N 150	Estreito	Rua 14 de Julho, Estreito, Florianópolis, Santa Catarina, Região Sul, 88075-060, Brasil
2022	2046	12	ESCOLA DE EDUCAÇÃO BÁSICA ADERBAL RAMOS DA SILVA	RUA CORONEL PEDRO DEMORO, N. 1998	Balneário > Estreito	Rua Coronel Pedro Demoro, Balneário, Estreito, Florianópolis, Santa Catarina, Região Sul, 88075-301, Brasil
2022	2054	12	CENTRO DE CIÊNCIAS DA SAÚDE E DO ESPORTE - CEFID / UDESC	RUA PASCHOAL SIMONE, N. 358	(vazio)	
2022	2062	12	ESCOLA DE EDUCAÇÃO BÁSICA JOSÉ BOITEUX	RUA MARECHAL CÂMARA, N. 182	Estreito	Rua Marechal Câmara, Estreito, Florianópolis, Santa Catarina, Região Sul, 88070-240, Brasil
2022	2070	12	ESCOLA DE EDUCAÇÃO BÁSICA PROFESSOR ANÍBAL NUNES PIRES	RUA IRMÃ BONAVITA, N. 240	Marinha > Jardim Atlântico > Estreito	Rua Irmã Bonavita, Marinha, Jardim Atlântico, Estreito, Florianópolis, Santa Catarina, Região Sul, 88095-152, Brasil
2022	2089	12	COLÉGIO SALVATORIANO NOSSA SENHORA DE FÁTIMA	RUA AFONSO PENA, N. 1264	Canto > Estreito	Rua Afonso Pena, Canto, Estreito, Florianópolis, Santa Catarina, Região Sul, 88070-650, Brasil
2022	2097	12	ESCOLA DE EDUCAÇÃO BÁSICA ROSINHA CAMPOS	RUA JOAQUIM FERNANDES DE OLIVEIRA, N. 428	Abraão > Coqueiros	Rua Joaquim Fernandes de Oliveira, Abraão, Coqueiros, Florianópolis, Santa Catarina, Região Sul, 88085-170, Brasil
2022	2100	12	ESCOLA BÁSICA MUNICIPAL ALMIRANTE CARVALHAL	RUA BENTO GOIA, N. 113	Saco da Lama > Coqueiros	Rua Bento Góia, Saco da Lama, Coqueiros, Florianópolis, Santa Catarina, Região Sul, 88080-150, Brasil
2022	2119	12	ESCOLA DE EDUCAÇÃO BÁSICA IRINEU BORNHAUSEN	RUA VEREADOR BATISTA PEREIRA, N. 306	Canto > Estreito	Rua Vereador Batista Pereira, Canto, Estreito, Florianópolis, Santa Catarina, Região Sul, 88070-730, Brasil
2022	2127	12	FUNASA - FUNDAÇÃO NACIONAL DE SAÚDE	AVENIDA MARINHEIRO MAX SCHRAMM,  N. 2179	Balneário > Estreito	Avenida Marinheiro Max Schramm, Balneário, Estreito, Florianópolis, Santa Catarina, Região Sul, 88075-535, Brasil
2022	2135	12	ESCOLA DE EDUCAÇÃO BÁSICA AMÉRICA DUTRA MACHADO	RUA JOAQUIM NABUCO N. 2875	Coloninha > Estreito	Rua Joaquim Nabuco, Coloninha, Estreito, Florianópolis, Santa Catarina, Região Sul, 88090-254, Brasil
2022	2143	12	ESCOLA DE EDUCAÇÃO BÁSICA PRESIDENTE ROOSEVELT	RUA PASCHOAL SIMONE, N. 80	(vazio)	
2022	2151	12	ESCOLA DE EDUCAÇÃO BÁSICA ROSA TORRES DE MIRANDA	RUA MELVIN JONES, N. 389	Jardim Atlântico Norte > Jardim Atlântico > Estreito	Rua Melvin Jones, Jardim Atlântico Norte, Jardim Atlântico, Estreito, Florianópolis, Santa Catarina, Região Sul, 88095-400, Brasil
2022	2160	12	ESCOLA DE EDUCAÇÃO BÁSICA EDITH GAMA RAMOS	RUA DIB CHEREM, N. 2773	Capoeiras Oeste > Capoeiras > Estreito	Rua Prefeito Dib Cherem, Capoeiras Oeste, Capoeiras, Estreito, Florianópolis, Santa Catarina, Região Sul, 88090-100, Brasil
2022	2178	12	COLÉGIO ADVENTISTA DE FLORIANÓPOLIS - UNIDADE ESTREITO	RUA DOM DANIEL HOSTIM, 129	(vazio)	
2022	2186	12	COLÉGIO ANTÔNIO PEIXOTO	RUA VEREADOR BATISTA PEREIRA, N. 656	Canto > Estreito	Rua Vereador Batista Pereira, Canto, Estreito, Florianópolis, Santa Catarina, Região Sul, 88070-730, Brasil
2022	2194	12	CONSELHO COMUNITÁRIO DA COLONINHA	RUA JOÃO EVANGELISTA DA COSTA, N 455	Coloninha > Estreito	Rua João Evangelista da Costa, Coloninha, Estreito, Florianópolis, Santa Catarina, Região Sul, 89022-280, Brasil
2022	2208	12	ESCOLA DE EDUCAÇÃO BÁSICA JORNALISTA JAIRO CALLADO	RUA ANTONIETA DE BARROS, N. 581	Canto > Estreito	Rua Professora Antonieta de Barros, Canto, Estreito, Florianópolis, Santa Catarina, Região Sul, 88090-350, Brasil
2022	2216	12	PARÓQUIA NOSSA SENHORA DO CARMO	RUA PROFESSOR BAYER FILHO, N. 81	Nossa Senhora Aparecida > Coqueiros	Rua Professor Bayer Filho, Nossa Senhora Aparecida, Coqueiros, Florianópolis, Santa Catarina, Região Sul, 88080-250, Brasil
2022	2224	12	O. ASSIST. SOCIAL DOM ORIONE (PARÓQUIA SÃO JOÃO BATISTA E SANTA LUZIA)	RUA DIB CHEREM, N. 2698	Capoeiras Oeste > Capoeiras > Estreito	Rua Prefeito Dib Cherem, Capoeiras Oeste, Capoeiras, Estreito, Florianópolis, Santa Catarina, Região Sul, 88090-100, Brasil
2022	2232	12	SECRETARIA DE ESTADO DA SEGURANÇA PÚBLICA - CENTRO ADMINISTRATIVO	AVENIDA GOVERNADOR IVO SILVEIRA N 1521	Estreito	Avenida Governador Ivo Silveira, Estreito, Florianópolis, Santa Catarina, Região Sul, 88085-002, Brasil
2022	2364	12	NÚCLEO DE EDUCAÇÃO INFANTIL MUNICIPAL MARIA BARREIROS	RUA JOÃO EVANGELISTA DA COSTA 455	Coloninha > Estreito	Rua João Evangelista da Costa, Coloninha, Estreito, Florianópolis, Santa Catarina, Região Sul, 89022-280, Brasil
2022	2380	12	NÚCLEO DE EDUCAÇÃO INFANTIL MUNICIPAL CELSO RAMOS	RUA PROFESSOR ALDO CÂMARA DA SILVA, 120	Centro > Sede	Rua Professor Aldo Câmara da Silva, Centro, Sede, Florianópolis, Santa Catarina, Região Sul, 88020-180, Brasil
2022	2399	12	PENITENCIÁRIA DE FLORIANÓPOLIS	RUA DELMINDA DA SILVEIRA, 960	Rua Delminda Silveira > Agronômica > Sede	Museu de Arte de Santa Catarina, Rua Delminda Silveira, Agronômica, Sede, Florianópolis, Santa Catarina, Região Sul, 88025-250, Brasil
2022	2429	12	INSTITUTO FEDERAL DE SANTA CATARINA CAMPUS FLORIANÓPOLIS CONTINENTE	RUA QUATORZE DE JULHO, N 150	Estreito	Rua 14 de Julho, Estreito, Florianópolis, Santa Catarina, Região Sul, 88075-060, Brasil
2026	1015	12	CEMJ - CENTRO EDUCACIONAL MENINO JESUS	RUA ESTEVES JÚNIOR, N. 969	Centro > Sede	Rua Esteves Júnior, Centro, Sede, Florianópolis, Santa Catarina, Região Sul, 88015-240, Brasil
2026	1023	12	COLÉGIO SANTA CATARINA	RUA FREI EVARISTO, N.  91	Centro > Sede	Rua Frei Evaristo, Centro, Sede, Florianópolis, Santa Catarina, Região Sul, 88015-410, Brasil
2026	1031	12	CENTRO CULTURAL SILVEIRA DE SOUZA	RUA LUIZ DELFINO, N 177 (FUNDOS)	Centro > Sede	Rua Luiz Delfino, Centro, Sede, Florianópolis, Santa Catarina, Região Sul, 88015-300, Brasil
2026	1058	12	IFSC CENTRO - INSTITUTO FEDERAL DE SANTA CATARINA	AVENIDA MAURO RAMOS, N. 950	Centro > Sede	Avenida Mauro Ramos, Centro, Sede, Florianópolis, Santa Catarina, Região Sul, 88015-420, Brasil
2026	1090	100	ACOJAR	RUA NERY CARDOSO BITTENCOURT, N. 61	Santa Mônica > Trindade	Rua Nery Cardoso Bittencourt, Santa Mônica, Trindade, Florianópolis, Santa Catarina, Região Sul, 88035-300, Brasil
2026	1139	12	NÚCLEO DE EDUCAÇÃO INFANTIL MUNICIPAL SÉRGIO GRANDO	RUA CRUZ E SOUZA N. 308	(vazio)	
2026	1147	12	ESCOLA DE EDUCAÇÃO BÁSICA PADRE ANCHIETA	RUA RUI BARBOSA, N. 525	Agronômica > Sede	Rua Rui Barbosa, Agronômica, Sede, Florianópolis, Santa Catarina, Região Sul, 88025-300, Brasil
2026	1155	100	UDESC - CENTRO DE ARTES - CEART	AVENIDA MADRE BENVENUTA, 2007	Trindade Norte > Trindade	Avenida Madre Benvenuta, Trindade Norte, Trindade, Florianópolis, Santa Catarina, Região Sul, 88036-500, Brasil
2026	1155	12	NÚCLEO DE EDUCAÇÃO INFANTIL MUNICIPAL JOÃO MACHADO DA SILVA	TRAVESSA JOSÉ PEDRO GIL, N. 195	(vazio)	
2026	1163	100	ESCOLA ESTADUAL BÁSICA PROFESSORA LAURA LIMA	RUA DO LOURO, 143	Monte Verde > Saco Grande	Rua do Louro, Monte Verde, Saco Grande, Florianópolis, Santa Catarina, Região Sul, 88032-300, Brasil
2026	1163	12	FAESC - FEDERAÇÃO DE AGRICULTURA E PECUÁRIA DE SANTA CATARINA	RUA DELMINDA SILVEIRA, N.200	Agronômica > Sede	Rua Delminda Silveira, Agronômica, Sede, Florianópolis, Santa Catarina, Região Sul, 88025-510, Brasil
2026	1171	100	SENAI - CTAI	RODOVIA SC 401, 3730	Ratones	Rodovia José Carlos Daux, Ratones, Florianópolis, Santa Catarina, Região Sul, 88052-100, Brasil
2026	1180	100	ESCOLA BASICA JOSÉ DO VALLE PEREIRA	RODOVIA JOAO PAULO, 1268	João Paulo > Saco Grande	Rodovia João Paulo, João Paulo, Saco Grande, Florianópolis, Santa Catarina, Região Sul, 88030-361, Brasil
2026	1201	100	SESC - SERVICO SOCIAL DO COMERCIO	RODOVIA HAROLDO SOARES GLAVAN, 1670	Estrada Haroldo Soares Glavan > Saco Grande Oeste > Saco Grande	Rodovia Haroldo Soares Glavan, Estrada Haroldo Soares Glavan, Saco Grande Oeste, Saco Grande, Florianópolis, Santa Catarina, Região Sul, 88032-005, Brasil
2026	1210	100	ESCOLA BÁSICA MUNICIPAL PAULO FONTES	RUA PROFESSOR OSNI BARBATO, 168	Santo Antônio de Lisboa Oeste > Santo Antônio de Lisboa	Rua Professor Osni Barbato, Santo Antônio de Lisboa Oeste, Santo Antônio de Lisboa, Florianópolis, Santa Catarina, Região Sul, 88050-400, Brasil
2026	1228	100	N.E.I. - NÚCLEO DE EDUCAÇÃO INFANTIL MARIA SALOMÉ DOS SANTOS	RUA PROFESSOR EUCLIDES DA CUNHA, S/N	(vazio)	
2026	1244	100	ESCOLA BASICA MUNICIPAL MANCIO COSTA - ESCOLA DO FUTURO	ESTRADA JOÃO JANUÁRIO DA SILVA S/N	(vazio)	
2026	1252	100	CRECHE NEIM VICENTINA MARIA DA COSTA LAURINDO	RODOVIA JOSÉ CARLOS DAUX, 16019 (SC 401 KM 15)	Rio da Palha > Canasvieiras	Rodovia José Carlos Daux, Rio da Palha, Canasvieiras, Florianópolis, Santa Catarina, Região Sul, 88058-005, Brasil
2026	1260	100	ESCOLA BASICA MUNICIPAL ALBERTINA MADALENA DIAS	RUA CRISTOVAO MACHADO DE CAMPOS, N. 1537	(vazio)	
2026	1279	100	ESCOLA BÁSICA LUIZ CÂNDIDO DA LUZ -  PONTA DO MORRO	RODOVIA SC 403 KM 3, S/N	km 3 > Rodovia Armando Calil Bulos > Vargem do Bom Jesus > Cachoeira do Bom Jesus	Escola Luiz Cândido da Luz, km 3, Rodovia Armando Calil Bulos, Vargem do Bom Jesus, Cachoeira do Bom Jesus, Florianópolis, Santa Catarina, Região Sul, 88056-599
2026	1287	100	ASSOCIAÇÃO DOS ECONOMIÁRIOS FEDERAIS DE SC	RUA ALAMEDA CÉSAR NASCIMENTO, 700	700 > Rua César Nascimento > Jurerê Leste > Jurerê > Canasvieiras	Associação do Pessoal da Caixa Econômica Federal de Santa Catarina, 700, Rua César Nascimento, Jurerê Leste, Jurerê, Canasvieiras, Florianópolis, Santa Catarina
2026	1287	13	EEB JUREMA CAVALAZZI	RUA PROFESSOR ANIBAL NUNES PIRES, S/N	José Mendes > Sede	Rua Professor Aníbal Nunes Pires, José Mendes, Sede, Florianópolis, Santa Catarina, Região Sul, 88020-200, Brasil
2026	1295	100	CRECHE MARIA TEREZINHA SARDÁ DA LUZ (ANTIGO N.E.I. PRAIA DO FORTE)	RUA JOSE CARDOSO OLIVEIRA, 3547	Servidão José Cardoso de Oliveira > Forte > Praia do Forte > Canasvieiras	Final Rua José Cardoso de Oliveira, Servidão José Cardoso de Oliveira, Forte, Praia do Forte, Canasvieiras, Florianópolis, Santa Catarina, Região Sul, 88053-306
2026	1295	13	EEB GETÚLIO VARGAS	RUA JOÃO MOTTA ESPEZIM, N. 499	Saco dos Limões	Rua João Motta Espezim, Saco dos Limões, Florianópolis, Santa Catarina, Região Sul, 88045-520, Brasil
2026	1309	100	ESCOLA BÁSICA MUNICIPAL PROFESSORA IRACEMA BRITO ANDRADE	RUA JURERE TRADICIONAL, 230	Jurerê Leste > Jurerê > Canasvieiras	Rua Jurerê Tradicional, Jurerê Leste, Jurerê, Canasvieiras, Florianópolis, Santa Catarina, Região Sul, 88053-418, Brasil
2026	1309	13	NEIM HASSIS	AVENIDA JORGE LACERDA, 1.472	Costeira do Pirajubaé > Saco dos Limões	Avenida Jorge Lacerda, Costeira do Pirajubaé, Saco dos Limões, Florianópolis, Santa Catarina, Região Sul, 88047-010, Brasil
2026	1317	100	ESCOLA BASICA MUNICIPAL OSMAR CUNHA	RUA TERTULIANO DE BRITO XAVIER, 661	(vazio)	
2026	1317	13	EEB JÚLIO DA COSTA NEVES	RUA CAMINHO DOS ESTUDANTES, S/N	Costeira do Pirajubaé > Saco dos Limões	Rua Caminho dos Estudantes, Costeira do Pirajubaé, Saco dos Limões, Florianópolis, Santa Catarina, Região Sul, 88048-000, Brasil
2026	1325	100	ESCOLA BÁSICA MUNICIPAL INTENDENTE ARICOMEDES DA SILVA	RODOVIA LEONEL PEREIRA, 930	(vazio)	
2026	1325	13	EEB ILDEFONSO LINHARES	RUA VEREADOR OSVALDO BITTENCOURT, N. 206	Carianos > Tapera da Base	Rua Vereador Osvaldo Bittencourt, Carianos, Tapera da Base, Florianópolis, Santa Catarina, Região Sul, 88047-402, Brasil
2026	1333	13	EEB TENENTE ALMACHIO	AVENIDA SANTOS DUMONT, N. 25	Base Aérea > Carianos > Tapera da Base	Avenida Santos Dumont, Base Aérea, Carianos, Tapera da Base, Florianópolis, Santa Catarina, Região Sul, 88047-900, Brasil
2026	1341	100	ESCOLA BÁSICA MUNICIPAL OSVALDO MACHADO - ESCOLA DO FUTURO	AVENDIDA LUIZ BOITEUX PIAZZA, 5908	(vazio)	
2026	1341	13	EEB DOM JAIME DE BARROS CÂMARA	RODOVIA BALDICERO FILOMENO, N. 7.821	Caiacanga > Ribeirão da Ilha	Rodovia Baldicero Filomeno, Caiacanga, Ribeirão da Ilha, Florianópolis, Santa Catarina, Região Sul, 89064-002, Brasil
2026	1350	13	EBM BATISTA PEREIRA	RODOVIA BALDICERO FILOMENO, N. 3.000	Caiacanga > Ribeirão da Ilha	Rodovia Baldicero Filomeno, Caiacanga, Ribeirão da Ilha, Florianópolis, Santa Catarina, Região Sul, 89064-002, Brasil
2026	1368	100	ESCOLA DE ENSINO BÁSICO INTENDENTE JOSE FERNANDES	RUA JOAO GUALBERTO SOARES, 324	(vazio)	
2026	1368	13	NEIM MARCELINO BARCELOS DUTRA	RODOVIA BALDICERO FILOMENO, N. 11.263	Caiacanga > Ribeirão da Ilha	Rodovia Baldicero Filomeno, Caiacanga, Ribeirão da Ilha, Florianópolis, Santa Catarina, Região Sul, 89064-002, Brasil
2026	1376	100	N.E.I. - NUCLEO DE EDUCAÇÃO INFANTIL GENTIL MATHIAS DA SILVA	RUA DOM JOAO BECKER, 988	(vazio)	
2026	1376	13	NEIM CAIEIRA DA BARRA DO SUL	RODOVIA BALDICERO FILOMENO, N. 19.795	Caiacanga > Ribeirão da Ilha	Rodovia Baldicero Filomeno, Caiacanga, Ribeirão da Ilha, Florianópolis, Santa Catarina, Região Sul, 89064-002, Brasil
2026	1384	100	ESCOLA BASICA MUNICIPAL MARIA CONCEICAO NUNES	RUA LUIZ DUARTE, S/N	(vazio)	
2026	1384	13	EEB SEVERO HONORATO DA COSTA	RUA OTACÍLIO ABELARDO GOMES, N. 115	Pântano do Sul	Rua Abelardo Otacílio Gomes, Pântano do Sul, Florianópolis, Santa Catarina, Região Sul, 88067-102, Brasil
2026	1392	13	EBM DILMA LÚCIA DOS SANTOS	RODOVIA FRANCISCO THOMAS DOS SANTOS, N. 6.050	(vazio)	
2026	1406	13	EBM COSTA DE DENTRO	ESTRADA JOÃO BELARMINO DA SILVA, N. 2.550	Pântano do Sul	Estrada João Bellarmino da Silva, Pântano do Sul, Florianópolis, Santa Catarina, Região Sul, 88067-130, Brasil
2026	1414	13	EEB BALDICERO FILOMENO	SERVIDÃO PEDRO MANOEL DA SILVEIRA, N. 230	Pedregal > Tapera da Base	Servidão Pedro Manoel da Silveira, Pedregal, Tapera da Base, Florianópolis, Santa Catarina, Região Sul, 88049-400, Brasil
2026	1422	13	EBM JOSÉ AMARO CORDEIRO	RODOVIA FRANCISCO THOMAS DE SOUZA, N. 1.691	(vazio)	
2026	1465	100	JURERÊ SPORTS CENTER	AVENIDA DOS DOURADOS, 481	Jurerê Oeste > Jurerê > Canasvieiras	Avenida dos Dourados, Jurerê Oeste, Jurerê, Canasvieiras, Florianópolis, Santa Catarina, Região Sul, 88053-400, Brasil
2026	1473	100	ESCOLA BÁSICA MUNICIPAL DONICIA MARIA DA COSTA	RODOVIA VIRGILIO VARZEA, S/N	Canasvieiras	Rodovia Virgílio Várzea, Canasvieiras, Florianópolis, Santa Catarina, Região Sul, 88054-620, Brasil
2026	1481	100	ESCOLA DE ENSINO BASICO LEONOR DE BARROS	RUA PASTOR WILLIAM RICHARD SCHISLER FILHO, 80	Itacorubi Norte > Itacorubi > Trindade	Rua Pastor William Richard Schisler Filho, Itacorubi Norte, Itacorubi, Trindade, Florianópolis, Santa Catarina, Região Sul, 88034-100, Brasil
2026	1503	100	ESCOLA DE ENSINO BÁSICO DE MUQUEM	RUA MANOEL PETRONILHO DA SILVEIRA, 1	Muquém > Rio Vermelho > São João do Rio Vermelho	Rua Manoel Petronilho da Silveira, Muquém, Rio Vermelho, São João do Rio Vermelho, Florianópolis, Santa Catarina, Região Sul, 88060-132, Brasil
2026	1538	100	CRECHE NEIM VICENTINA MARIA DA COSTA LAURINDO	RODOVIA JOSÉ CARLOS DAUX, 16019 (SC 401 KM 15)	Rio da Palha > Canasvieiras	Rodovia José Carlos Daux, Rio da Palha, Canasvieiras, Florianópolis, Santa Catarina, Região Sul, 88058-005, Brasil
2026	1546	13	EBM BRIGADEIRO EDUARDO GOMES	AVENIDA PEQUENO PRÍNCIPE, N. 2.939	Campeche Central > Campeche	Avenida Pequeno Príncipe, Campeche Central, Campeche, Florianópolis, Santa Catarina, Região Sul, 88063-000, Brasil
2026	1554	13	EEB JANUÁRIA TEIXEIRA DA ROCHA	RUA DA CAPELA, N. 1.234	Campeche Norte > Campeche	Rua da Capela, Campeche Norte, Campeche, Florianópolis, Santa Catarina, Região Sul, 88063-300, Brasil
2026	1562	100	COLÉGIO SANTA TEREZINHA	SERVIDAO SAFIRA, N. 148	Ingleses Centro > Ingleses > Ingleses do Rio Vermelho	Servidão Safira, Ingleses Centro, Ingleses, Ingleses do Rio Vermelho, Florianópolis, Santa Catarina, Região Sul, 88058-187, Brasil
2026	1562	13	EBM JOÃO GONÇALVES PINHEIRO	RUA SÍLVIO LOPES ARAÚJO, N. 290	Lagoa Pequena > Rio Tavares > Campeche	Rua Sílvio Lopes Araújo, Lagoa Pequena, Rio Tavares, Campeche, Florianópolis, Santa Catarina, Região Sul, 88048-391, Brasil
2026	1570	13	EEB VEREADOR OSCAR MANOEL CONCEIÇÃO	RODOVIA SC 405, S/N	Autódromo > Campeche	Rodovia Francisco Magno Vieira, Autódromo, Campeche, Florianópolis, Santa Catarina, Região Sul, 88065-500, Brasil
2026	1589	100	ESCOLA BÁSICA MARCOLINO JOSE DE LIMA	RODOVIA  ISID DUTRA, 1200	(vazio)	
2026	1589	13	CONSELHO COMUNITÁRIO DO SACO DOS LIMÕES	RUA JOÃO MOTTA ESPEZIM, N. 783	Saco dos Limões	Rua João Motta Espezim, Saco dos Limões, Florianópolis, Santa Catarina, Região Sul, 88045-520, Brasil
2026	1597	100	ESCOLA DINAMICA	RUA CRISTOVAO MACHADO DE CAMPOS, 1001	(vazio)	
2026	1597	13	EEB TAPERA - ESCOLA DO FUTURO	RODOVIA AÇORIANA, S/N	Tapera da Base	Rodovia Açoriana, Tapera da Base, Florianópolis, Santa Catarina, Região Sul, 88049-400, Brasil
2026	1600	100	CENTRO EDUCACIONAL UNIVERSO	SERVIDÃO PROFESSOR NILSON JOSÉ DE JESUS, 91 (SC 403, KM 06)	Ingleses Centro > Ingleses > Ingleses do Rio Vermelho	Servidão Professor Nilson José de Jesus, Ingleses Centro, Ingleses, Ingleses do Rio Vermelho, Florianópolis, Santa Catarina, Região Sul, 88058-785, Brasil
2026	1619	13	EBM ACÁCIO GARIBALDI SÃO TIAGO	RUA ALTAMIRO BARCELOS DUTRA, N. 1.195	Fortaleza da Barra da Lagoa > Barra da Lagoa	Rua Altamiro Barcelos Dutra, Fortaleza da Barra da Lagoa, Barra da Lagoa, Florianópolis, Santa Catarina, Região Sul, 88061-300, Brasil
2026	1627	100	NEIM ORLANDINA CORDEIRO	RODOVIA VIRGILIO VARZEA, 380, FONE (48) 3238 0305	Canasvieiras	Rodovia Virgílio Várzea, Canasvieiras, Florianópolis, Santa Catarina, Região Sul, 88054-620, Brasil
2026	1627	13	EBM JOÃO FRANCISCO GARCES	RUA LAURINDO JANUÁRIO DA SILVEIRA, N. 2.447	Canto da Lagoa > Lagoa da Conceição	Rua Laurindo Januário da Silveira, Canto da Lagoa, Lagoa da Conceição, Florianópolis, Santa Catarina, Região Sul, 88062-200, Brasil
2026	1635	13	COLÉGIO DA LAGOA	RUA HYPPÓLITO DO VALE PEREIRA, N. 121	(vazio)	
2026	1643	100	ESCOLA BASICA MARIA TOMAZIA COELHO	RUA VEREADOR ONILDO LEMOS, 1409	(vazio)	
2026	1643	13	EBM COSTA DA LAGOA	ESTRADA GERAL COSTA DA LAGOA, S/N	(vazio)	
2026	1651	13	EBM HENRIQUE VERAS	RUA JOÃO PACHECO DA COSTA, N. 249	Lagoa da Conceição	Rua João Pacheco da Costa, Lagoa da Conceição, Florianópolis, Santa Catarina, Região Sul, 88062-100, Brasil
2026	1660	13	ASSOCIACAO DOS MORADORES DO PORTO DA LAGOA - AMPOLA	RUA LAURINDO JANUÁRIO DA SILVEIRA, N. 5.500	Canto da Lagoa > Lagoa da Conceição	Rua Laurindo Januário da Silveira, Canto da Lagoa, Lagoa da Conceição, Florianópolis, Santa Catarina, Região Sul, 88062-200, Brasil
2026	1678	100	E.B.M. ANTÔNIO PASCHOAL APÓSTOLO	RODOVIA JOÃO GUALBERTO SOARES, 6809	Rio Vermelho Norte > Rio Vermelho > São João do Rio Vermelho	Rodovia João Gualberto Soares, Rio Vermelho Norte, Rio Vermelho, São João do Rio Vermelho, Florianópolis, Santa Catarina, Região Sul, 88060-378, Brasil
2026	1678	13	EBM RETIRO DA LAGOA	RUA PREFEITO ACÁCIO GARIBALDI SÃO THIAGO, N. 210	(vazio)	
2026	1686	100	ANEXO DA ESCOLA DE ENSINO BÁSICO INTENDENTE JOSÉ FERNANDES	ESTRADA DÁRIO MANOEL CARDOSO, N1144	Capivari > Ingleses > Ingleses do Rio Vermelho	Estrada Dário Manoel Cardoso, Capivari, Ingleses, Ingleses do Rio Vermelho, Florianópolis, Santa Catarina, Região Sul, 88058-497, Brasil
2026	1686	12	COLÉGIO GERAÇÃO - UNIDADE BEIRAMAR	RUA SÃO JOÃO BATISTA, N. 60	Agronômica > Sede	Rua São João Batista, Agronômica, Sede, Florianópolis, Santa Catarina, Região Sul, 88025-202, Brasil
2026	1686	13	NEIM CANTO DA LAGOA	RUA LAURINDO JANUÁRIO DA SILVEIRA, N. 2.493	Canto da Lagoa > Lagoa da Conceição	Rua Laurindo Januário da Silveira, Canto da Lagoa, Lagoa da Conceição, Florianópolis, Santa Catarina, Região Sul, 88062-200, Brasil
2026	1708	100	E.E.M. JACÓ ANDERLE	RUA FRANCISCO FAUSTO MARTINS, S/N	Vargem Grande > Cachoeira do Bom Jesus	Rua Francisco Fausto Martins, Vargem Grande, Cachoeira do Bom Jesus, Florianópolis, Santa Catarina, Região Sul, 88052-810, Brasil
2026	1708	12	COLÉGIO CATARINENSE	RUA ESTEVES JÚNIOR, N. 711	Centro > Sede	Rua Esteves Júnior, Centro, Sede, Florianópolis, Santa Catarina, Região Sul, 88015-240, Brasil
2026	1716	12	ESCOLA DE EDUCAÇÃO BASICA PROFESSOR HENRIQUE STODIECK	RUA ESTEVES JUNIOR, N. 65	Rua Esteves Júnior > Centro > Sede	Rua Esteves Junior, Rua Esteves Júnior, Centro, Sede, Florianópolis, Santa Catarina, Região Sul, 88015-200, Brasil
2026	1716	13	UFSC - CENTRO DE DESPORTOS - CDS	CAMPUS UNIVERSITÁRIO	Rua Roberto Sampaio Gonzaga > Trindade Sul > Trindade	Universidade Federal de Santa Catarina, Rua Roberto Sampaio Gonzaga, Trindade Sul, Trindade, Florianópolis, Santa Catarina, Região Sul, 88040-900, Brasil
2026	1724	100	ESCOLA BÁSICA MUNICIPAL VIRGÍLIO REIS VÁRZEA	RUA MANOEL MANCELLOS MOURA, 100	Canasvieiras	Rua Manoel Mancellos Moura, Canasvieiras, Florianópolis, Santa Catarina, Região Sul, 88054-210, Brasil
2026	1724	13	NEIM WALDEMAR DA SILVA FILHO	AVENIDA  MADRE BENVENUTA, N. 521	Trindade Norte > Trindade	Avenida Madre Benvenuta, Trindade Norte, Trindade, Florianópolis, Santa Catarina, Região Sul, 88036-500, Brasil
2026	1732	100	ESCOLA BÁSICA MUNICIPAL PROFESSORA HERONDINA MEDEIROS ZEFERINO	RUA TRÊS MARIAS, 1072	(vazio)	
2026	1732	12	NÚCLEO DE EDUCAÇÃO INFANTIL MUNICIPAL CELSO RAMOS	RUA PROFESSOR ALDO CÂMARA DA SILVA, N. 120	Centro > Sede	Rua Professor Aldo Câmara da Silva, Centro, Sede, Florianópolis, Santa Catarina, Região Sul, 88020-180, Brasil
2026	1732	13	EEB HILDA TEODORO VIEIRA	RUA LAURO LINHARES,  N. 560	Trindade Norte > Trindade	Rua Lauro Linhares, Trindade Norte, Trindade, Florianópolis, Santa Catarina, Região Sul, 88036-001, Brasil
2026	1740	100	UDESC - ESCOLA SUPERIOR DE ADMINISTRAÇÃO E GERÊNCIA - ESAG	AVENIDA MADRE BENVENUTA, 2037	Trindade Norte > Trindade	Avenida Madre Benvenuta, Trindade Norte, Trindade, Florianópolis, Santa Catarina, Região Sul, 88036-500, Brasil
2026	1740	12	CENTRO EDUCACIONAL MARISTA LÚCIA MAYVORNE	RUA GENERAL VIEIRA DA ROSA,  N. 1050	Saco dos Limões	Rua General Vieira da Rosa, Saco dos Limões, Florianópolis, Santa Catarina, Região Sul, 88040-440, Brasil
2026	1740	13	EBM JOÃO ALFREDO HOHR	RUA JOÃO PIO DUARTE SILVA, N. 1.123	Córrego Grande > Trindade	Rua João Pio Duarte Silva, Córrego Grande, Trindade, Florianópolis, Santa Catarina, Região Sul, 88034-700, Brasil
2026	1759	13	EBM BEATRIZ DE SOUZA BRITO	SERVIDÃO CRESCÊNCIO MARIANO, S/N	Pantanal > Trindade	Servidão Crescêncio Francisco Mariano, Pantanal, Trindade, Florianópolis, Santa Catarina, Região Sul, 88040-000, Brasil
2026	1767	12	EIC - EDUCANDÁRIO IMACULADA CONCEIÇÃO	RUA SAO FRANCISCO, N.148	Centro > Sede	Rua São Francisco, Centro, Sede, Florianópolis, Santa Catarina, Região Sul, 88015-200, Brasil
2026	1767	13	UFSC - CENTRO DE CIÊNCIAS JURÍDICAS - CCJ	CAMPUS UNIVERSITÁRIO	Rua Roberto Sampaio Gonzaga > Trindade Sul > Trindade	Universidade Federal de Santa Catarina, Rua Roberto Sampaio Gonzaga, Trindade Sul, Trindade, Florianópolis, Santa Catarina, Região Sul, 88040-900, Brasil
2026	1775	12	COLÉGIO ADVENTISTA DE FLORIANÓPOLIS - UNIDADE CENTRO	RUA VISCONDE DE OURO PRETO N. 347	Centro > Sede	Rua Visconde de Ouro Preto, Centro, Sede, Florianópolis, Santa Catarina, Região Sul, 88010-540, Brasil
2026	1775	13	UFSC - CENTRO TECNOLÓGICO - CTC	CAMPUS UNIVERSITÁRIO	Rua Roberto Sampaio Gonzaga > Trindade Sul > Trindade	Universidade Federal de Santa Catarina, Rua Roberto Sampaio Gonzaga, Trindade Sul, Trindade, Florianópolis, Santa Catarina, Região Sul, 88040-900, Brasil
2026	1783	12	IEE - INSTITUTO ESTADUAL DE EDUCAÇÃO	RUA ANITA GARIBALDI, S/N	Centro > Sede	Rua Anita Garibaldi, Centro, Sede, Florianópolis, Santa Catarina, Região Sul, 88020-100, Brasil
2026	1783	13	UFSC - CENTRO SOCIOECONÔMICO - CSE	CAMPUS UNIVERSITÁRIO	Rua Roberto Sampaio Gonzaga > Trindade Sul > Trindade	Universidade Federal de Santa Catarina, Rua Roberto Sampaio Gonzaga, Trindade Sul, Trindade, Florianópolis, Santa Catarina, Região Sul, 88040-900, Brasil
2026	1791	13	EEB SIMÃO JOSÉ HESS	AVENIDA MADRE BENVENUTA, N. 463	Trindade Norte > Trindade	Avenida Madre Benvenuta, Trindade Norte, Trindade, Florianópolis, Santa Catarina, Região Sul, 88036-500, Brasil
2026	1805	12	COLÉGIO BOM JESUS CORAÇÃO DE JESUS	RUA EMIR ROSA, N. 120	Centro > Sede	Rua Emir Rosa, Centro, Sede, Florianópolis, Santa Catarina, Região Sul, 88020-060, Brasil
2026	1805	13	ESCOLA DA ILHA	RUA VERA LINHARES DE ANDRADE, N. 1.910	Itacorubi Sul > Itacorubi > Trindade	Rua Vera Linhares de Andrade, Itacorubi Sul, Itacorubi, Trindade, Florianópolis, Santa Catarina, Região Sul, 88034-570, Brasil
2026	1813	12	PARÓQUIA NOSSA SENHORA DE LOURDES E SÃO LUIZ	RUA PADRE SCHRADER, N. 49	Agronômica > Sede	Rua Padre Schrader, Agronômica, Sede, Florianópolis, Santa Catarina, Região Sul, 88025-090, Brasil
2026	1813	13	UFSC - CENTRO DE FILOSOFIA E CIÊNCIAS HUMANAS - CFH	CAMPUS UNIVERSITÁRIO	Rua Roberto Sampaio Gonzaga > Trindade Sul > Trindade	Universidade Federal de Santa Catarina, Rua Roberto Sampaio Gonzaga, Trindade Sul, Trindade, Florianópolis, Santa Catarina, Região Sul, 88040-900, Brasil
2026	1821	13	UFSC - COLÉGIO DE APLICAÇÃO	CAMPUS UNIVERSITARIO	Rua Roberto Sampaio Gonzaga > Trindade Sul > Trindade	Universidade Federal de Santa Catarina, Rua Roberto Sampaio Gonzaga, Trindade Sul, Trindade, Florianópolis, Santa Catarina, Região Sul, 88040-900, Brasil
2026	1848	100	CENTRO DE CIÊNCIAS AGRÁRIA DA UNIVERSIDADE FEDERAL DE SANTA CATARINA	RODOVIA ADMAR GONZAGA, 1346	Itacorubi Sul > Itacorubi > Trindade	Rodovia Admar Gonzaga, Itacorubi Sul, Itacorubi, Trindade, Florianópolis, Santa Catarina, Região Sul, 88034-600, Brasil
2026	1856	100	NEIM VILA UNIÃO	ESTRADA ANAROLINA SILVEIRA SANTOS, S/N (RUA RAMOS, 5 QUADRA E)	Vargem do Bom Jesus > Cachoeira do Bom Jesus	Estrada Anarolina Silveira Santos, Vargem do Bom Jesus, Cachoeira do Bom Jesus, Florianópolis, Santa Catarina, Região Sul, 88056-590, Brasil
2026	1864	100	NEIM JUDITE FERNANDES DE LIMA	RODOVIA JOÃO PAULO, 1268	João Paulo > Saco Grande	Rodovia João Paulo, João Paulo, Saco Grande, Florianópolis, Santa Catarina, Região Sul, 88030-361, Brasil
2026	1864	13	COLÉGIO DO CAMPECHE	RODOVIA SC 405, 4.501	Autódromo > Campeche	Rodovia Francisco Magno Vieira, Autódromo, Campeche, Florianópolis, Santa Catarina, Região Sul, 88065-500, Brasil
2026	1872	100	NEIM BARREIRA DO JANGA	RODOVIA VIRGILIO VARZEA, 2507	Canasvieiras	Rodovia Virgílio Várzea, Canasvieiras, Florianópolis, Santa Catarina, Região Sul, 88054-620, Brasil
2026	1880	100	NEIM ALTINO DEALTINO CABRAL	RUA PADRE LOURENÇO RODRIGUES DE ANDRADE, 120	Santo Antônio de Lisboa Oeste > Santo Antônio de Lisboa	Rua Padre Lourenço Rodrigues de Andrade, Santo Antônio de Lisboa Oeste, Santo Antônio de Lisboa, Florianópolis, Santa Catarina, Região Sul, 88050-400, Brasil
2026	1899	100	SALÃO PAROQUIAL DA DANIELA	RUA PITANGUEIRAS, 786	Rio Tavares Norte > Rio Tavares > Campeche	Rua Pitangueiras do Sul, Rio Tavares Norte, Rio Tavares, Campeche, Florianópolis, Santa Catarina, Região Sul, 88048-391, Brasil
2026	1899	13	EBM ADOTIVA LIBERATO VALENTIM	AVENIDA JORGE LACERDA, N. 1.559	Costeira do Pirajubaé > Saco dos Limões	Avenida Jorge Lacerda, Costeira do Pirajubaé, Saco dos Limões, Florianópolis, Santa Catarina, Região Sul, 88047-010, Brasil
2026	1902	100	NEIM BARREIRA DO JANGA	RODOVIA VIRGILIO VARZEA, 2507	Canasvieiras	Rodovia Virgílio Várzea, Canasvieiras, Florianópolis, Santa Catarina, Região Sul, 88054-620, Brasil
2026	1902	13	COLÉGIO IDENTIDADE	AV. PEQUENO PRÍNCIPE, 525	Campeche Central > Campeche	Avenida Pequeno Príncipe, Campeche Central, Campeche, Florianópolis, Santa Catarina, Região Sul, 88063-000, Brasil
2026	1910	100	UDESC - CENTRO DE CIÊNCIAS HUMANAS - FAED	AVENIDA MADRE BENVENUTA, 2007	Trindade Norte > Trindade	Avenida Madre Benvenuta, Trindade Norte, Trindade, Florianópolis, Santa Catarina, Região Sul, 88036-500, Brasil
2026	1929	100	ESCOLA  BÁSICA MUNICIPAL DARCY RIBEIRO	RUA LUIZ DUARTE SOARES, S/N	(vazio)	
2026	1961	13	EBM JOSÉ JACINTO CARDOSO	RUA MARCUS AURÉLIO HOMEM, 132	Trindade Sul > Trindade	Rua Marcus Aurélio Homem, Trindade Sul, Trindade, Florianópolis, Santa Catarina, Região Sul, 88040-440, Brasil
2026	1970	13	NEIM FERMINIO FRANSCISCO VIEIRA	RUA SEBASTIÃO DA SILVA, 250	Córrego Grande > Trindade	Rua Sebastião Laurentino da Silva, Córrego Grande, Trindade, Florianópolis, Santa Catarina, Região Sul, 88037-620, Brasil
2026	1996	13	EEB PORTO DO RIO TAVARES	RODOVIA SC - 405, 356	Autódromo > Campeche	Rodovia Francisco Magno Vieira, Autódromo, Campeche, Florianópolis, Santa Catarina, Região Sul, 88065-500, Brasil
2026	2003	13	NEIM ANIRSON ANTÔNIO DAS CHAGAS	RODOVIA DR. ANTÔNIO LUIZ MOURA GONZAGA, 2.023	Rio Tavares Norte > Rio Tavares > Campeche	Rodovia Doutor Antônio Luiz Moura Gonzaga, Rio Tavares Norte, Rio Tavares, Campeche, Florianópolis, Santa Catarina, Região Sul, 88048-391, Brasil
2026	2011	13	NEIM CAMPECHE	SERVIDÃO DIONÍSIO RAFHAEL IGNÁCIO, 287	(vazio)	
2026	2020	13	NEIM MONSENHOR FREDERICO HOBOLD	SERVIDÃO JOSÉ KUMAKOLA, 100	Costeira do Pirajubaé > Saco dos Limões	Servidão José Kumakola, Costeira do Pirajubaé, Saco dos Limões, Florianópolis, Santa Catarina, Região Sul, 88047-011, Brasil
2026	2038	12	IFSC CONTINENTE - INSTITUTO FEDERAL DE SANTA CATARINA	RUA QUATORZE DE JULHO, N. 150	Estreito	Rua 14 de Julho, Estreito, Florianópolis, Santa Catarina, Região Sul, 88075-060, Brasil
2026	2038	13	NEIM IDALINA OCHÔA	RUA VEREADOR OSVALDO BITTENCOURT, 102	Carianos > Tapera da Base	Rua Vereador Osvaldo Bittencourt, Carianos, Tapera da Base, Florianópolis, Santa Catarina, Região Sul, 88047-402, Brasil
2026	2046	12	ESCOLA DE EDUCAÇÃO BÁSICA ADERBAL RAMOS DA SILVA	RUA CORONEL PEDRO DEMORO, N. 1998	Balneário > Estreito	Rua Coronel Pedro Demoro, Balneário, Estreito, Florianópolis, Santa Catarina, Região Sul, 88075-301, Brasil
2026	2046	13	NEIM ORISVALDINA SILVA	SERVIDÃO RUTH BASTOS DE OLIVEIRA, 75	Lagoa da Conceição	Servidão Ruth Bastos de Oliveira, Lagoa da Conceição, Florianópolis, Santa Catarina, Região Sul, 88062-100, Brasil
2026	2054	12	CEFID / UDESC - CENTRO DE CIÊNCIAS DA SAÚDE E DO ESPORTE	RUA PASCHOAL SIMONE, N. 358	(vazio)	
2026	2062	12	ESCOLA DE EDUCAÇÃO BÁSICA JOSÉ BOITEUX	RUA MARECHAL CÂMARA, N. 182	Estreito	Rua Marechal Câmara, Estreito, Florianópolis, Santa Catarina, Região Sul, 88070-240, Brasil
2026	2070	12	ESCOLA DE EDUCAÇÃO BÁSICA PROFESSOR ANÍBAL NUNES PIRES	RUA IRMÃ BONAVITA, N. 240	Marinha > Jardim Atlântico > Estreito	Rua Irmã Bonavita, Marinha, Jardim Atlântico, Estreito, Florianópolis, Santa Catarina, Região Sul, 88095-152, Brasil
2026	2089	12	COLÉGIO SALVATORIANO NOSSA SENHORA DE FÁTIMA	RUA AFONSO PENA, N. 1264	Canto > Estreito	Rua Afonso Pena, Canto, Estreito, Florianópolis, Santa Catarina, Região Sul, 88070-650, Brasil
2026	2097	12	ESCOLA DE EDUCAÇÃO BÁSICA ROSINHA CAMPOS	RUA JOAQUIM FERNANDES DE OLIVEIRA, N. 428	Abraão > Coqueiros	Rua Joaquim Fernandes de Oliveira, Abraão, Coqueiros, Florianópolis, Santa Catarina, Região Sul, 88085-170, Brasil
2026	2100	12	ESCOLA BÁSICA MUNICIPAL ALMIRANTE CARVALHAL	RUA BENTO GOIA, N. 113	Saco da Lama > Coqueiros	Rua Bento Góia, Saco da Lama, Coqueiros, Florianópolis, Santa Catarina, Região Sul, 88080-150, Brasil
2026	2119	12	ESCOLA DE EDUCAÇÃO BÁSICA IRINEU BORNHAUSEN	RUA VEREADOR BATISTA PEREIRA, N. 306	Canto > Estreito	Rua Vereador Batista Pereira, Canto, Estreito, Florianópolis, Santa Catarina, Região Sul, 88070-730, Brasil
2026	2127	12	NÚCLEO DE EDUCAÇÃO INFANTIL MUNICIPAL OTÍLIA CRUZ	RUA PROFESSORA OTÍLIA CRUZ N. 482	Marinha > Jardim Atlântico > Estreito	Rua Professora Otília Cruz, Marinha, Jardim Atlântico, Estreito, Florianópolis, Santa Catarina, Região Sul, 88095-152, Brasil
2026	2135	12	ESCOLA DE EDUCAÇÃO BÁSICA AMÉRICA DUTRA MACHADO	RUA JOAQUIM NABUCO N. 2875	Coloninha > Estreito	Rua Joaquim Nabuco, Coloninha, Estreito, Florianópolis, Santa Catarina, Região Sul, 88090-254, Brasil
2026	2143	12	ESCOLA DE EDUCAÇÃO BÁSICA PRESIDENTE ROOSEVELT	RUA PASCHOAL SIMONE, N. 80	(vazio)	
2026	2151	12	ESCOLA DE EDUCAÇÃO BÁSICA ROSA TORRES DE MIRANDA	RUA MELVIN JONES, N. 389	Jardim Atlântico Norte > Jardim Atlântico > Estreito	Rua Melvin Jones, Jardim Atlântico Norte, Jardim Atlântico, Estreito, Florianópolis, Santa Catarina, Região Sul, 88095-400, Brasil
2026	2160	12	ESCOLA DE EDUCAÇÃO BÁSICA EDITH GAMA RAMOS	RUA DIB CHEREM, N. 2773	Capoeiras Oeste > Capoeiras > Estreito	Rua Prefeito Dib Cherem, Capoeiras Oeste, Capoeiras, Estreito, Florianópolis, Santa Catarina, Região Sul, 88090-100, Brasil
2026	2178	12	ESCOLA DE EDUCAÇÃO BÁSICA PERO VAZ DE CAMINHA	RUA IRMÃ BONAVITA, N. 954	Marinha > Jardim Atlântico > Estreito	Rua Irmã Bonavita, Marinha, Jardim Atlântico, Estreito, Florianópolis, Santa Catarina, Região Sul, 88095-152, Brasil
2026	2186	12	COLÉGIO ANTÔNIO PEIXOTO	RUA VEREADOR BATISTA PEREIRA, N. 656	Canto > Estreito	Rua Vereador Batista Pereira, Canto, Estreito, Florianópolis, Santa Catarina, Região Sul, 88070-730, Brasil
2026	2208	12	ESCOLA DE EDUCAÇÃO BÁSICA JORNALISTA JAIRO CALLADO	RUA ANTONIETA DE BARROS, N. 581	Canto > Estreito	Rua Professora Antonieta de Barros, Canto, Estreito, Florianópolis, Santa Catarina, Região Sul, 88090-350, Brasil
2026	2216	12	PARÓQUIA IGREJA NOSSA SENHORA DO CARMO	RUA PROFESSOR BAYER FILHO, N. 81	Nossa Senhora Aparecida > Coqueiros	Rua Professor Bayer Filho, Nossa Senhora Aparecida, Coqueiros, Florianópolis, Santa Catarina, Região Sul, 88080-250, Brasil
2026	2224	12	PARÓQUIA SÃO JOÃO BATISTA E SANTA LUZIA	RUA ISAURA COMICHOLE PÍRES, N. 102	Capoeiras Oeste > Capoeiras > Estreito	Rua Isaura Comichole Pires, Capoeiras Oeste, Capoeiras, Estreito, Florianópolis, Santa Catarina, Região Sul, 88090-150, Brasil
2026	2348	12	NÚCLEO DE EDUCAÇÃO INFANTIL MUNICIPAL NAGIB JABOR	RUA PROFESSOR CLEMENTINO DE BARROS, N. 570	(vazio)	
2026	2356	12	NÚCLEO DE EDUCAÇÃO INFANTIL MUNICIPAL OTÍLIA CRUZ	RUA PROFESSORA OTÍLIA CRUZ N. 482	Marinha > Jardim Atlântico > Estreito	Rua Professora Otília Cruz, Marinha, Jardim Atlântico, Estreito, Florianópolis, Santa Catarina, Região Sul, 88095-152, Brasil
2026	2364	12	NÚCLEO DE EDUCAÇÃO INFANTIL MUNICIPAL MARIA BARREIROS	RUA JOÃO EVANGELISTA DA COSTA, N. 455	Coloninha > Estreito	Rua João Evangelista da Costa, Coloninha, Estreito, Florianópolis, Santa Catarina, Região Sul, 89022-280, Brasil
2026	2429	12	IFSC CONTINENTE- INSTITUTO FEDERAL DE SANTA CATARINA	RUA QUATORZE DE JULHO, N 150	Estreito	Rua 14 de Julho, Estreito, Florianópolis, Santa Catarina, Região Sul, 88075-060, Brasil
2026	2445	12	COLÉGIO SALVATORIANO PADRE JORDAN	RUA CORONEL CAETANO COSTA, N 501	Marinha > Jardim Atlântico > Estreito	Rua Coronel Caetano Costa, Marinha, Jardim Atlântico, Estreito, Florianópolis, Santa Catarina, Região Sul, 88090-430, Brasil
2026	2453	12	PARÓQUIA SÃO JOÃO BATISTA E SANTA LUZIA	RUA ISAURA COMICHOLE PÍRES, N. 102	Capoeiras Oeste > Capoeiras > Estreito	Rua Isaura Comichole Pires, Capoeiras Oeste, Capoeiras, Estreito, Florianópolis, Santa Catarina, Região Sul, 88090-150, Brasil
2026	2461	12	FUCAS - FUNDAÇÃO CATARINENSE DE ASSISTÊNCIA SOCIAL	AVENIDA GOVERNADOR IVO SILVEIRA, N 1015	Capoeiras Leste > Capoeiras > Estreito	Avenida Governador Ivo Silveira, Capoeiras Leste, Capoeiras, Estreito, Florianópolis, Santa Catarina, Região Sul, 88085-000, Brasil
2026	2470	12	ESCOLA DE EDUCAÇÃO BÁSICA AMÉRICA DUTRA MACHADO	RUA JOAQUIM NABUCO N. 2875	Coloninha > Estreito	Rua Joaquim Nabuco, Coloninha, Estreito, Florianópolis, Santa Catarina, Região Sul, 88090-254, Brasil
2026	2500	12	ESCOLA DE EDUCAÇÃO BÁSICA PERO VAZ DE CAMINHA	RUA IRMÃ BONAVITA, N. 954	Marinha > Jardim Atlântico > Estreito	Rua Irmã Bonavita, Marinha, Jardim Atlântico, Estreito, Florianópolis, Santa Catarina, Região Sul, 88095-152, Brasil
