ano;turno;local;nome;zona;secao;esquerda;direita;outros;total;aptos;margem_esq_pp;esq_sobre_LpR_pct;polarizacao_LpR_sobre_T_pct
2018;1;1368;EEB INTENDENTE JOSÉ FERNANDES (fronteira RV);100;102;44;174;106;324;395;-59.6;20.2;67.3
2018;2;1368;EEB INTENDENTE JOSÉ FERNANDES (fronteira RV);100;102;94;217;28;339;395;-39.5;30.2;91.7
2022;1;1368;EEB INTENDENTE JOSÉ FERNANDES (fronteira RV);100;102;89;160;44;293;376;-28.5;35.7;85.0
2022;2;1368;EEB INTENDENTE JOSÉ FERNANDES (fronteira RV);100;102;104;190;9;303;376;-29.3;35.4;97.0
2026;1;1368;EEB INTENDENTE JOSÉ FERNANDES (fronteira RV);100;102;72;162;40;274;355;-38.5;30.8;85.4
2018;1;1368;EEB INTENDENTE JOSÉ FERNANDES (fronteira RV);100;103;31;168;129;328;396;-68.8;15.6;60.7
2018;2;1368;EEB INTENDENTE JOSÉ FERNANDES (fronteira RV);100;103;74;224;33;331;396;-50.3;24.8;90.0
2022;1;1368;EEB INTENDENTE JOSÉ FERNANDES (fronteira RV);100;103;85;167;37;289;374;-32.5;33.7;87.2
2022;2;1368;EEB INTENDENTE JOSÉ FERNANDES (fronteira RV);100;103;82;198;16;296;374;-41.4;29.3;94.6
2026;1;1368;EEB INTENDENTE JOSÉ FERNANDES (fronteira RV);100;103;64;160;38;262;355;-42.9;28.6;85.5
2018;1;1368;EEB INTENDENTE JOSÉ FERNANDES (fronteira RV);100;104;48;174;106;328;396;-56.8;21.6;67.7
2018;2;1368;EEB INTENDENTE JOSÉ FERNANDES (fronteira RV);100;104;81;201;41;323;396;-42.6;28.7;87.3
2022;1;1368;EEB INTENDENTE JOSÉ FERNANDES (fronteira RV);100;104;103;141;42;286;374;-15.6;42.2;85.3
2022;2;1368;EEB INTENDENTE JOSÉ FERNANDES (fronteira RV);100;104;115;168;10;293;374;-18.7;40.6;96.6
2026;1;1368;EEB INTENDENTE JOSÉ FERNANDES (fronteira RV);100;104;96;155;34;285;358;-23.5;38.2;88.1
2018;1;1368;EEB INTENDENTE JOSÉ FERNANDES (fronteira RV);100;134;28;170;119;317;396;-71.7;14.1;62.5
2018;2;1368;EEB INTENDENTE JOSÉ FERNANDES (fronteira RV);100;134;99;198;28;325;395;-33.3;33.3;91.4
2022;1;1368;EEB INTENDENTE JOSÉ FERNANDES (fronteira RV);100;134;98;152;37;287;371;-21.6;39.2;87.1
2022;2;1368;EEB INTENDENTE JOSÉ FERNANDES (fronteira RV);100;134;112;171;12;295;371;-20.8;39.6;95.9
2026;1;1368;EEB INTENDENTE JOSÉ FERNANDES (fronteira RV);100;134;89;157;24;270;350;-27.6;36.2;91.1
2018;1;1368;EEB INTENDENTE JOSÉ FERNANDES (fronteira RV);100;153;53;173;107;333;395;-53.1;23.5;67.9
2018;2;1368;EEB INTENDENTE JOSÉ FERNANDES (fronteira RV);100;153;99;203;32;334;395;-34.4;32.8;90.4
2022;1;1368;EEB INTENDENTE JOSÉ FERNANDES (fronteira RV);100;153;114;146;40;300;370;-12.3;43.8;86.7
2022;2;1368;EEB INTENDENTE JOSÉ FERNANDES (fronteira RV);100;153;126;165;14;305;370;-13.4;43.3;95.4
2026;1;1368;EEB INTENDENTE JOSÉ FERNANDES (fronteira RV);100;153;102;143;50;295;357;-16.7;41.6;83.1
2018;1;1368;EEB INTENDENTE JOSÉ FERNANDES (fronteira RV);100;160;34;183;97;314;392;-68.7;15.7;69.1
2018;2;1368;EEB INTENDENTE JOSÉ FERNANDES (fronteira RV);100;160;87;204;24;315;392;-40.2;29.9;92.4
2022;1;1368;EEB INTENDENTE JOSÉ FERNANDES (fronteira RV);100;160;94;165;25;284;373;-27.4;36.3;91.2
2022;2;1368;EEB INTENDENTE JOSÉ FERNANDES (fronteira RV);100;160;100;177;8;285;373;-27.8;36.1;97.2
2026;1;1368;EEB INTENDENTE JOSÉ FERNANDES (fronteira RV);100;160;83;160;23;266;353;-31.7;34.2;91.4
2018;1;1368;EEB INTENDENTE JOSÉ FERNANDES (fronteira RV);100;170;48;174;99;321;396;-56.8;21.6;69.2
2018;2;1368;EEB INTENDENTE JOSÉ FERNANDES (fronteira RV);100;170;97;193;30;320;396;-33.1;33.4;90.6
2022;1;1368;EEB INTENDENTE JOSÉ FERNANDES (fronteira RV);100;170;107;156;41;304;374;-18.6;40.7;86.5
2022;2;1368;EEB INTENDENTE JOSÉ FERNANDES (fronteira RV);100;170;110;178;11;299;375;-23.6;38.2;96.3
2026;1;1368;EEB INTENDENTE JOSÉ FERNANDES (fronteira RV);100;170;94;154;36;284;354;-24.2;37.9;87.3
2018;1;1368;EEB INTENDENTE JOSÉ FERNANDES (fronteira RV);100;182;45;173;109;327;397;-58.7;20.6;66.7
2018;2;1368;EEB INTENDENTE JOSÉ FERNANDES (fronteira RV);100;182;88;207;28;323;397;-40.3;29.8;91.3
2022;1;1368;EEB INTENDENTE JOSÉ FERNANDES (fronteira RV);100;182;110;152;41;303;377;-16.0;42.0;86.5
2022;2;1368;EEB INTENDENTE JOSÉ FERNANDES (fronteira RV);100;182;121;168;13;302;377;-16.3;41.9;95.7
2026;1;1368;EEB INTENDENTE JOSÉ FERNANDES (fronteira RV);100;182;86;149;40;275;357;-26.8;36.6;85.5
2018;1;1368;EEB INTENDENTE JOSÉ FERNANDES (fronteira RV);100;213;49;159;102;310;391;-52.9;23.6;67.1
2018;2;1368;EEB INTENDENTE JOSÉ FERNANDES (fronteira RV);100;213;103;187;23;313;391;-29.0;35.5;92.7
2022;1;1368;EEB INTENDENTE JOSÉ FERNANDES (fronteira RV);100;213;112;146;33;291;368;-13.2;43.4;88.7
2022;2;1368;EEB INTENDENTE JOSÉ FERNANDES (fronteira RV);100;213;122;154;9;285;369;-11.6;44.2;96.8
2026;1;1368;EEB INTENDENTE JOSÉ FERNANDES (fronteira RV);100;213;92;137;34;263;356;-19.7;40.2;87.1
2018;1;1368;EEB INTENDENTE JOSÉ FERNANDES (fronteira RV);100;274;38;175;102;315;393;-64.3;17.8;67.6
2018;2;1368;EEB INTENDENTE JOSÉ FERNANDES (fronteira RV);100;274;88;196;27;311;393;-38.0;31.0;91.3
2022;1;1368;EEB INTENDENTE JOSÉ FERNANDES (fronteira RV);100;274;91;153;34;278;373;-25.4;37.3;87.8
2022;2;1368;EEB INTENDENTE JOSÉ FERNANDES (fronteira RV);100;274;96;171;16;283;373;-28.1;36.0;94.3
2026;1;1368;EEB INTENDENTE JOSÉ FERNANDES (fronteira RV);100;274;71;170;31;272;351;-41.1;29.5;88.6
2018;1;1368;EEB INTENDENTE JOSÉ FERNANDES (fronteira RV);100;289;36;176;113;325;398;-66.0;17.0;65.2
2018;2;1368;EEB INTENDENTE JOSÉ FERNANDES (fronteira RV);100;289;98;198;17;313;398;-33.8;33.1;94.6
2022;1;1368;EEB INTENDENTE JOSÉ FERNANDES (fronteira RV);100;289;116;144;28;288;375;-10.8;44.6;90.3
2022;2;1368;EEB INTENDENTE JOSÉ FERNANDES (fronteira RV);100;289;125;160;6;291;375;-12.3;43.9;97.9
2026;1;1368;EEB INTENDENTE JOSÉ FERNANDES (fronteira RV);100;289;90;155;28;273;352;-26.5;36.7;89.7
2018;1;1368;EEB INTENDENTE JOSÉ FERNANDES (fronteira RV);100;334;37;169;113;319;397;-64.1;18.0;64.6
2018;2;1368;EEB INTENDENTE JOSÉ FERNANDES (fronteira RV);100;334;98;191;27;316;397;-32.2;33.9;91.5
2022;1;1368;EEB INTENDENTE JOSÉ FERNANDES (fronteira RV);100;334;119;131;39;289;373;-4.8;47.6;86.5
2022;2;1368;EEB INTENDENTE JOSÉ FERNANDES (fronteira RV);100;334;123;150;8;281;373;-9.9;45.1;97.2
2026;1;1368;EEB INTENDENTE JOSÉ FERNANDES (fronteira RV);100;334;95;150;23;268;353;-22.4;38.8;91.4
2018;1;1368;EEB INTENDENTE JOSÉ FERNANDES (fronteira RV);100;343;40;152;94;286;396;-58.3;20.8;67.1
2018;2;1368;EEB INTENDENTE JOSÉ FERNANDES (fronteira RV);100;343;82;174;21;277;396;-35.9;32.0;92.4
2022;1;1368;EEB INTENDENTE JOSÉ FERNANDES (fronteira RV);100;343;99;140;26;265;369;-17.2;41.4;90.2
2022;2;1368;EEB INTENDENTE JOSÉ FERNANDES (fronteira RV);100;343;106;147;6;259;369;-16.2;41.9;97.7
2026;1;1368;EEB INTENDENTE JOSÉ FERNANDES (fronteira RV);100;343;94;130;31;255;345;-16.1;42.0;87.8
2018;1;1368;EEB INTENDENTE JOSÉ FERNANDES (fronteira RV);100;361;46;139;89;274;397;-50.3;24.9;67.5
2018;2;1368;EEB INTENDENTE JOSÉ FERNANDES (fronteira RV);100;361;92;163;22;277;397;-27.8;36.1;92.1
2022;1;1368;EEB INTENDENTE JOSÉ FERNANDES (fronteira RV);100;361;103;127;35;265;371;-10.4;44.8;86.8
2022;2;1368;EEB INTENDENTE JOSÉ FERNANDES (fronteira RV);100;361;121;149;9;279;371;-10.4;44.8;96.8
2026;1;1368;EEB INTENDENTE JOSÉ FERNANDES (fronteira RV);100;361;92;143;22;257;355;-21.7;39.1;91.4
2018;1;1368;EEB INTENDENTE JOSÉ FERNANDES (fronteira RV);100;374;48;150;120;318;394;-51.5;24.2;62.3
2018;2;1368;EEB INTENDENTE JOSÉ FERNANDES (fronteira RV);100;374;109;176;33;318;394;-23.5;38.2;89.6
2022;1;1368;EEB INTENDENTE JOSÉ FERNANDES (fronteira RV);100;374;114;134;47;295;371;-8.1;46.0;84.1
2022;2;1368;EEB INTENDENTE JOSÉ FERNANDES (fronteira RV);100;374;130;145;19;294;371;-5.5;47.3;93.5
2026;1;1368;EEB INTENDENTE JOSÉ FERNANDES (fronteira RV);100;374;99;127;39;265;357;-12.4;43.8;85.3
2018;1;1368;EEB INTENDENTE JOSÉ FERNANDES (fronteira RV);100;383;42;158;110;310;394;-58.0;21.0;64.5
2018;2;1368;EEB INTENDENTE JOSÉ FERNANDES (fronteira RV);100;383;91;187;38;316;394;-34.5;32.7;88.0
2022;1;1368;EEB INTENDENTE JOSÉ FERNANDES (fronteira RV);100;383;115;137;41;293;371;-8.7;45.6;86.0
2022;2;1368;EEB INTENDENTE JOSÉ FERNANDES (fronteira RV);100;383;131;149;13;293;371;-6.4;46.8;95.6
2026;1;1368;EEB INTENDENTE JOSÉ FERNANDES (fronteira RV);100;383;93;137;36;266;352;-19.1;40.4;86.5
2018;1;1368;EEB INTENDENTE JOSÉ FERNANDES (fronteira RV);100;395;45;134;104;283;398;-49.7;25.1;63.3
2018;2;1368;EEB INTENDENTE JOSÉ FERNANDES (fronteira RV);100;395;111;155;29;295;398;-16.5;41.7;90.2
2022;1;1368;EEB INTENDENTE JOSÉ FERNANDES (fronteira RV);100;395;122;100;27;249;365;9.9;55.0;89.2
2022;2;1368;EEB INTENDENTE JOSÉ FERNANDES (fronteira RV);100;395;115;127;12;254;365;-5.0;47.5;95.3
2026;1;1368;EEB INTENDENTE JOSÉ FERNANDES (fronteira RV);100;395;83;139;33;255;352;-25.2;37.4;87.1
2018;1;1368;EEB INTENDENTE JOSÉ FERNANDES (fronteira RV);100;402;51;142;80;273;398;-47.2;26.4;70.7
2018;2;1368;EEB INTENDENTE JOSÉ FERNANDES (fronteira RV);100;402;85;169;16;270;398;-33.1;33.5;94.1
2022;1;1368;EEB INTENDENTE JOSÉ FERNANDES (fronteira RV);100;402;100;138;28;266;370;-16.0;42.0;89.5
2022;2;1368;EEB INTENDENTE JOSÉ FERNANDES (fronteira RV);100;402;111;151;9;271;371;-15.3;42.4;96.7
2026;1;1368;EEB INTENDENTE JOSÉ FERNANDES (fronteira RV);100;402;89;138;31;258;354;-21.6;39.2;88.0
2018;1;1376;NEIM GENTIL MATHIAS (Ingleses Sul);100;105;39;153;86;278;361;-59.4;20.3;69.1
2018;2;1376;NEIM GENTIL MATHIAS (Ingleses Sul);100;105;82;176;23;281;361;-36.4;31.8;91.8
2022;1;1376;NEIM GENTIL MATHIAS (Ingleses Sul);100;105;116;145;38;299;399;-11.1;44.4;87.3
2022;2;1376;NEIM GENTIL MATHIAS (Ingleses Sul);100;105;126;160;13;299;400;-11.9;44.1;95.7
2026;1;1376;NEIM GENTIL MATHIAS (Ingleses Sul);100;105;98;141;30;269;365;-18.0;41.0;88.8
2018;1;1376;NEIM GENTIL MATHIAS (Ingleses Sul);100;106;34;165;99;298;363;-65.8;17.1;66.8
2018;2;1376;NEIM GENTIL MATHIAS (Ingleses Sul);100;106;77;199;28;304;363;-44.2;27.9;90.8
2022;1;1376;NEIM GENTIL MATHIAS (Ingleses Sul);100;106;97;171;50;318;397;-27.6;36.2;84.3
2022;2;1376;NEIM GENTIL MATHIAS (Ingleses Sul);100;106;113;194;13;320;397;-26.4;36.8;95.9
2026;1;1376;NEIM GENTIL MATHIAS (Ingleses Sul);100;106;100;158;32;290;364;-22.5;38.8;89.0
2018;1;1376;NEIM GENTIL MATHIAS (Ingleses Sul);100;107;34;149;111;294;358;-62.8;18.6;62.2
2018;2;1376;NEIM GENTIL MATHIAS (Ingleses Sul);100;107;75;188;31;294;358;-43.0;28.5;89.5
2022;1;1376;NEIM GENTIL MATHIAS (Ingleses Sul);100;107;107;164;48;319;400;-21.0;39.5;85.0
2022;2;1376;NEIM GENTIL MATHIAS (Ingleses Sul);100;107;112;189;15;316;399;-25.6;37.2;95.3
2026;1;1376;NEIM GENTIL MATHIAS (Ingleses Sul);100;107;98;151;43;292;386;-21.3;39.4;85.3
2018;1;1376;NEIM GENTIL MATHIAS (Ingleses Sul);100;108;37;150;95;282;365;-60.4;19.8;66.3
2018;2;1376;NEIM GENTIL MATHIAS (Ingleses Sul);100;108;77;188;23;288;365;-41.9;29.1;92.0
2022;1;1376;NEIM GENTIL MATHIAS (Ingleses Sul);100;108;116;135;58;309;399;-7.6;46.2;81.2
2022;2;1376;NEIM GENTIL MATHIAS (Ingleses Sul);100;108;133;165;13;311;399;-10.7;44.6;95.8
2026;1;1376;NEIM GENTIL MATHIAS (Ingleses Sul);100;108;91;155;33;279;364;-26.0;37.0;88.2
2018;1;1376;NEIM GENTIL MATHIAS (Ingleses Sul);100;143;26;156;100;282;359;-71.4;14.3;64.5
2018;2;1376;NEIM GENTIL MATHIAS (Ingleses Sul);100;143;73;171;29;273;359;-40.2;29.9;89.4
2022;1;1376;NEIM GENTIL MATHIAS (Ingleses Sul);100;143;115;169;37;321;399;-19.0;40.5;88.5
2022;2;1376;NEIM GENTIL MATHIAS (Ingleses Sul);100;143;115;183;13;311;400;-22.8;38.6;95.8
2026;1;1376;NEIM GENTIL MATHIAS (Ingleses Sul);100;143;91;164;28;283;361;-28.6;35.7;90.1
2018;1;1376;NEIM GENTIL MATHIAS (Ingleses Sul);100;151;42;144;94;280;358;-54.8;22.6;66.4
2018;2;1376;NEIM GENTIL MATHIAS (Ingleses Sul);100;151;82;159;28;269;357;-32.0;34.0;89.6
2022;1;1376;NEIM GENTIL MATHIAS (Ingleses Sul);100;151;107;153;28;288;400;-17.7;41.2;90.3
2022;2;1376;NEIM GENTIL MATHIAS (Ingleses Sul);100;151;120;175;7;302;400;-18.6;40.7;97.7
2026;1;1376;NEIM GENTIL MATHIAS (Ingleses Sul);100;151;105;171;26;302;385;-23.9;38.0;91.4
2018;1;1376;NEIM GENTIL MATHIAS (Ingleses Sul);100;159;42;152;88;282;360;-56.7;21.6;68.8
2018;2;1376;NEIM GENTIL MATHIAS (Ingleses Sul);100;159;84;174;24;282;360;-34.9;32.6;91.5
2022;1;1376;NEIM GENTIL MATHIAS (Ingleses Sul);100;159;121;146;37;304;400;-9.4;45.3;87.8
2022;2;1376;NEIM GENTIL MATHIAS (Ingleses Sul);100;159;132;169;12;313;400;-12.3;43.9;96.2
2026;1;1376;NEIM GENTIL MATHIAS (Ingleses Sul);100;159;96;149;34;279;363;-21.6;39.2;87.8
2018;1;1376;NEIM GENTIL MATHIAS (Ingleses Sul);100;166;44;138;92;274;359;-51.6;24.2;66.4
2018;2;1376;NEIM GENTIL MATHIAS (Ingleses Sul);100;166;80;159;26;265;359;-33.1;33.5;90.2
2022;1;1376;NEIM GENTIL MATHIAS (Ingleses Sul);100;166;117;141;44;302;400;-9.3;45.3;85.4
2022;2;1376;NEIM GENTIL MATHIAS (Ingleses Sul);100;166;122;169;10;301;401;-16.2;41.9;96.7
2026;1;1376;NEIM GENTIL MATHIAS (Ingleses Sul);100;166;97;146;31;274;362;-20.2;39.9;88.7
2018;1;1376;NEIM GENTIL MATHIAS (Ingleses Sul);100;178;51;143;99;293;360;-47.4;26.3;66.2
2018;2;1376;NEIM GENTIL MATHIAS (Ingleses Sul);100;178;101;156;21;278;360;-21.4;39.3;92.4
2022;1;1376;NEIM GENTIL MATHIAS (Ingleses Sul);100;178;121;151;45;317;400;-11.0;44.5;85.8
2022;2;1376;NEIM GENTIL MATHIAS (Ingleses Sul);100;178;137;175;11;323;401;-12.2;43.9;96.6
2026;1;1376;NEIM GENTIL MATHIAS (Ingleses Sul);100;178;110;145;24;279;363;-13.7;43.1;91.4
2026;1;1376;NEIM GENTIL MATHIAS (Ingleses Sul);100;487;85;124;27;236;362;-18.7;40.7;88.6
2026;1;1376;NEIM GENTIL MATHIAS (Ingleses Sul);100;506;117;136;27;280;385;-7.5;46.2;90.4
2018;1;1562;COLÉGIO SANTA TEREZINHA (Ingleses Centro);100;188;31;168;114;313;400;-68.8;15.6;63.6
2018;2;1562;COLÉGIO SANTA TEREZINHA (Ingleses Centro);100;188;93;190;21;304;400;-34.3;32.9;93.1
2022;1;1562;COLÉGIO SANTA TEREZINHA (Ingleses Centro);100;188;97;145;38;280;402;-19.8;40.1;86.4
2022;2;1562;COLÉGIO SANTA TEREZINHA (Ingleses Centro);100;188;110;169;9;288;401;-21.1;39.4;96.9
2026;1;1562;COLÉGIO SANTA TEREZINHA (Ingleses Centro);100;188;98;159;30;287;382;-23.7;38.1;89.5
2018;1;1562;COLÉGIO SANTA TEREZINHA (Ingleses Centro);100;211;34;175;119;328;400;-67.5;16.3;63.7
2018;2;1562;COLÉGIO SANTA TEREZINHA (Ingleses Centro);100;211;86;203;31;320;400;-40.5;29.8;90.3
2022;1;1562;COLÉGIO SANTA TEREZINHA (Ingleses Centro);100;211;117;154;50;321;403;-13.7;43.2;84.4
2022;2;1562;COLÉGIO SANTA TEREZINHA (Ingleses Centro);100;211;122;181;11;314;402;-19.5;40.3;96.5
2026;1;1562;COLÉGIO SANTA TEREZINHA (Ingleses Centro);100;211;94;153;41;288;382;-23.9;38.1;85.8
2018;1;1562;COLÉGIO SANTA TEREZINHA (Ingleses Centro);100;215;33;168;118;319;400;-67.2;16.4;63.0
2018;2;1562;COLÉGIO SANTA TEREZINHA (Ingleses Centro);100;215;91;201;37;329;400;-37.7;31.2;88.8
2022;1;1562;COLÉGIO SANTA TEREZINHA (Ingleses Centro);100;215;102;164;41;307;399;-23.3;38.3;86.6
2022;2;1562;COLÉGIO SANTA TEREZINHA (Ingleses Centro);100;215;111;188;9;308;398;-25.8;37.1;97.1
2026;1;1562;COLÉGIO SANTA TEREZINHA (Ingleses Centro);100;215;88;172;32;292;382;-32.3;33.8;89.0
2018;1;1562;COLÉGIO SANTA TEREZINHA (Ingleses Centro);100;222;35;180;121;336;399;-67.4;16.3;64.0
2018;2;1562;COLÉGIO SANTA TEREZINHA (Ingleses Centro);100;222;88;212;30;330;397;-41.3;29.3;90.9
2022;1;1562;COLÉGIO SANTA TEREZINHA (Ingleses Centro);100;222;100;171;51;322;398;-26.2;36.9;84.2
2022;2;1562;COLÉGIO SANTA TEREZINHA (Ingleses Centro);100;222;113;204;10;327;400;-28.7;35.6;96.9
2026;1;1562;COLÉGIO SANTA TEREZINHA (Ingleses Centro);100;222;93;167;41;301;380;-28.5;35.8;86.4
2018;1;1562;COLÉGIO SANTA TEREZINHA (Ingleses Centro);100;230;29;187;109;325;400;-73.1;13.4;66.5
2018;2;1562;COLÉGIO SANTA TEREZINHA (Ingleses Centro);100;230;85;211;30;326;399;-42.6;28.7;90.8
2022;1;1562;COLÉGIO SANTA TEREZINHA (Ingleses Centro);100;230;113;159;44;316;402;-16.9;41.5;86.1
2022;2;1562;COLÉGIO SANTA TEREZINHA (Ingleses Centro);100;230;123;185;11;319;401;-20.1;39.9;96.6
2026;1;1562;COLÉGIO SANTA TEREZINHA (Ingleses Centro);100;230;95;169;38;302;381;-28.0;36.0;87.4
2018;1;1562;COLÉGIO SANTA TEREZINHA (Ingleses Centro);100;239;28;179;105;312;398;-72.9;13.5;66.3
2018;2;1562;COLÉGIO SANTA TEREZINHA (Ingleses Centro);100;239;78;213;24;315;397;-46.4;26.8;92.4
2022;1;1562;COLÉGIO SANTA TEREZINHA (Ingleses Centro);100;239;97;162;45;304;400;-25.1;37.5;85.2
2022;2;1562;COLÉGIO SANTA TEREZINHA (Ingleses Centro);100;239;112;178;18;308;401;-22.8;38.6;94.2
2026;1;1562;COLÉGIO SANTA TEREZINHA (Ingleses Centro);100;239;82;169;44;295;380;-34.7;32.7;85.1
2018;1;1562;COLÉGIO SANTA TEREZINHA (Ingleses Centro);100;300;27;184;108;319;399;-74.4;12.8;66.1
2018;2;1562;COLÉGIO SANTA TEREZINHA (Ingleses Centro);100;300;88;206;21;315;399;-40.1;29.9;93.3
2022;1;1562;COLÉGIO SANTA TEREZINHA (Ingleses Centro);100;300;98;173;46;317;397;-27.7;36.2;85.5
2022;2;1562;COLÉGIO SANTA TEREZINHA (Ingleses Centro);100;300;100;201;8;309;396;-33.6;33.2;97.4
2026;1;1562;COLÉGIO SANTA TEREZINHA (Ingleses Centro);100;300;79;164;28;271;377;-35.0;32.5;89.7
2018;1;1562;COLÉGIO SANTA TEREZINHA (Ingleses Centro);100;308;43;181;109;333;400;-61.6;19.2;67.3
2018;2;1562;COLÉGIO SANTA TEREZINHA (Ingleses Centro);100;308;103;195;23;321;399;-30.9;34.6;92.8
2022;1;1562;COLÉGIO SANTA TEREZINHA (Ingleses Centro);100;308;97;176;34;307;397;-28.9;35.5;88.9
2022;2;1562;COLÉGIO SANTA TEREZINHA (Ingleses Centro);100;308;114;184;9;307;399;-23.5;38.3;97.1
2026;1;1562;COLÉGIO SANTA TEREZINHA (Ingleses Centro);100;308;95;171;21;287;379;-28.6;35.7;92.7
2018;1;1562;COLÉGIO SANTA TEREZINHA (Ingleses Centro);100;350;36;171;102;309;400;-65.2;17.4;67.0
2018;2;1562;COLÉGIO SANTA TEREZINHA (Ingleses Centro);100;350;103;200;15;318;400;-32.0;34.0;95.3
2022;1;1562;COLÉGIO SANTA TEREZINHA (Ingleses Centro);100;350;123;149;34;306;399;-9.6;45.2;88.9
2022;2;1562;COLÉGIO SANTA TEREZINHA (Ingleses Centro);100;350;121;174;9;304;400;-18.0;41.0;97.0
2026;1;1562;COLÉGIO SANTA TEREZINHA (Ingleses Centro);100;350;84;149;21;254;380;-27.9;36.1;91.7
2018;1;1562;COLÉGIO SANTA TEREZINHA (Ingleses Centro);100;367;34;196;102;332;400;-70.4;14.8;69.3
2018;2;1562;COLÉGIO SANTA TEREZINHA (Ingleses Centro);100;367;72;218;31;321;398;-50.3;24.8;90.3
2022;1;1562;COLÉGIO SANTA TEREZINHA (Ingleses Centro);100;367;101;169;48;318;401;-25.2;37.4;84.9
2022;2;1562;COLÉGIO SANTA TEREZINHA (Ingleses Centro);100;367;112;198;13;323;401;-27.7;36.1;96.0
2026;1;1562;COLÉGIO SANTA TEREZINHA (Ingleses Centro);100;367;92;173;38;303;380;-30.6;34.7;87.5
2018;1;1562;COLÉGIO SANTA TEREZINHA (Ingleses Centro);100;378;37;175;91;303;398;-65.1;17.5;70.0
2018;2;1562;COLÉGIO SANTA TEREZINHA (Ingleses Centro);100;378;77;206;18;301;397;-45.6;27.2;94.0
2022;1;1562;COLÉGIO SANTA TEREZINHA (Ingleses Centro);100;378;98;168;37;303;400;-26.3;36.8;87.8
2022;2;1562;COLÉGIO SANTA TEREZINHA (Ingleses Centro);100;378;109;186;7;302;399;-26.1;36.9;97.7
2026;1;1562;COLÉGIO SANTA TEREZINHA (Ingleses Centro);100;378;80;168;29;277;379;-35.5;32.3;89.5
2018;1;1562;COLÉGIO SANTA TEREZINHA (Ingleses Centro);100;388;19;191;105;315;400;-81.9;9.0;66.7
2018;2;1562;COLÉGIO SANTA TEREZINHA (Ingleses Centro);100;388;69;225;21;315;399;-53.1;23.5;93.3
2022;1;1562;COLÉGIO SANTA TEREZINHA (Ingleses Centro);100;388;92;180;41;313;401;-32.4;33.8;86.9
2022;2;1562;COLÉGIO SANTA TEREZINHA (Ingleses Centro);100;388;102;202;8;312;400;-32.9;33.6;97.4
2026;1;1562;COLÉGIO SANTA TEREZINHA (Ingleses Centro);100;388;80;185;35;300;379;-39.6;30.2;88.3
2018;1;1562;COLÉGIO SANTA TEREZINHA (Ingleses Centro);100;422;34;188;123;345;400;-69.4;15.3;64.3
2018;2;1562;COLÉGIO SANTA TEREZINHA (Ingleses Centro);100;422;103;211;29;343;400;-34.4;32.8;91.5
2022;1;1562;COLÉGIO SANTA TEREZINHA (Ingleses Centro);100;422;123;146;29;298;401;-8.6;45.7;90.3
2022;2;1562;COLÉGIO SANTA TEREZINHA (Ingleses Centro);100;422;127;154;8;289;401;-9.6;45.2;97.2
2026;1;1562;COLÉGIO SANTA TEREZINHA (Ingleses Centro);100;422;96;143;45;284;379;-19.7;40.2;84.2
2018;1;1600;CENTRO EDUC. UNIVERSO (Ingleses Centro);100;233;32;185;120;337;395;-70.5;14.7;64.4
2018;2;1600;CENTRO EDUC. UNIVERSO (Ingleses Centro);100;233;81;217;24;322;395;-45.6;27.2;92.5
2022;1;1600;CENTRO EDUC. UNIVERSO (Ingleses Centro);100;233;85;154;37;276;367;-28.9;35.6;86.6
2022;2;1600;CENTRO EDUC. UNIVERSO (Ingleses Centro);100;233;96;175;14;285;367;-29.2;35.4;95.1
2026;1;1600;CENTRO EDUC. UNIVERSO (Ingleses Centro);100;233;82;160;36;278;368;-32.2;33.9;87.1
2018;1;1600;CENTRO EDUC. UNIVERSO (Ingleses Centro);100;253;37;177;120;334;396;-65.4;17.3;64.1
2018;2;1600;CENTRO EDUC. UNIVERSO (Ingleses Centro);100;253;100;198;28;326;396;-32.9;33.6;91.4
2022;1;1600;CENTRO EDUC. UNIVERSO (Ingleses Centro);100;253;96;150;49;295;375;-22.0;39.0;83.4
2022;2;1600;CENTRO EDUC. UNIVERSO (Ingleses Centro);100;253;109;169;10;288;375;-21.6;39.2;96.5
2026;1;1600;CENTRO EDUC. UNIVERSO (Ingleses Centro);100;253;96;156;40;292;364;-23.8;38.1;86.3
2018;1;1600;CENTRO EDUC. UNIVERSO (Ingleses Centro);100;263;37;171;127;335;396;-64.4;17.8;62.1
2018;2;1600;CENTRO EDUC. UNIVERSO (Ingleses Centro);100;263;102;196;32;330;397;-31.5;34.2;90.3
2022;1;1600;CENTRO EDUC. UNIVERSO (Ingleses Centro);100;263;101;152;46;299;372;-20.2;39.9;84.6
2022;2;1600;CENTRO EDUC. UNIVERSO (Ingleses Centro);100;263;103;184;14;301;372;-28.2;35.9;95.3
2026;1;1600;CENTRO EDUC. UNIVERSO (Ingleses Centro);100;263;90;166;38;294;366;-29.7;35.2;87.1
2018;1;1600;CENTRO EDUC. UNIVERSO (Ingleses Centro);100;268;30;175;117;322;396;-70.7;14.6;63.7
2018;2;1600;CENTRO EDUC. UNIVERSO (Ingleses Centro);100;268;92;198;32;322;396;-36.6;31.7;90.1
2022;1;1600;CENTRO EDUC. UNIVERSO (Ingleses Centro);100;268;101;149;41;291;365;-19.2;40.4;85.9
2022;2;1600;CENTRO EDUC. UNIVERSO (Ingleses Centro);100;268;109;163;11;283;365;-19.9;40.1;96.1
2026;1;1600;CENTRO EDUC. UNIVERSO (Ingleses Centro);100;268;85;152;46;283;364;-28.3;35.9;83.7
2018;1;1600;CENTRO EDUC. UNIVERSO (Ingleses Centro);100;283;20;196;104;320;392;-81.5;9.3;67.5
2018;2;1600;CENTRO EDUC. UNIVERSO (Ingleses Centro);100;283;67;227;26;320;392;-54.4;22.8;91.9
2022;1;1600;CENTRO EDUC. UNIVERSO (Ingleses Centro);100;283;78;161;38;277;371;-34.7;32.6;86.3
2022;2;1600;CENTRO EDUC. UNIVERSO (Ingleses Centro);100;283;80;192;13;285;371;-41.2;29.4;95.4
2026;1;1600;CENTRO EDUC. UNIVERSO (Ingleses Centro);100;283;72;174;36;282;361;-41.5;29.3;87.2
2018;1;1600;CENTRO EDUC. UNIVERSO (Ingleses Centro);100;298;28;172;106;306;394;-72.0;14.0;65.4
2018;2;1600;CENTRO EDUC. UNIVERSO (Ingleses Centro);100;298;77;202;25;304;394;-44.8;27.6;91.8
2022;1;1600;CENTRO EDUC. UNIVERSO (Ingleses Centro);100;298;85;155;32;272;364;-29.2;35.4;88.2
2022;2;1600;CENTRO EDUC. UNIVERSO (Ingleses Centro);100;298;96;168;7;271;364;-27.3;36.4;97.4
2026;1;1600;CENTRO EDUC. UNIVERSO (Ingleses Centro);100;298;81;152;34;267;362;-30.5;34.8;87.3
2018;1;1600;CENTRO EDUC. UNIVERSO (Ingleses Centro);100;320;31;177;120;328;394;-70.2;14.9;63.4
2018;2;1600;CENTRO EDUC. UNIVERSO (Ingleses Centro);100;320;102;207;19;328;394;-34.0;33.0;94.2
2022;1;1600;CENTRO EDUC. UNIVERSO (Ingleses Centro);100;320;106;139;35;280;367;-13.5;43.3;87.5
2022;2;1600;CENTRO EDUC. UNIVERSO (Ingleses Centro);100;320;106;167;11;284;367;-22.3;38.8;96.1
2026;1;1600;CENTRO EDUC. UNIVERSO (Ingleses Centro);100;320;87;167;31;285;360;-31.5;34.3;89.1
2018;1;1600;CENTRO EDUC. UNIVERSO (Ingleses Centro);100;351;28;187;106;321;395;-74.0;13.0;67.0
2018;2;1600;CENTRO EDUC. UNIVERSO (Ingleses Centro);100;351;84;200;23;307;395;-40.8;29.6;92.5
2022;1;1600;CENTRO EDUC. UNIVERSO (Ingleses Centro);100;351;101;148;37;286;365;-18.9;40.6;87.1
2022;2;1600;CENTRO EDUC. UNIVERSO (Ingleses Centro);100;351;103;171;5;279;365;-24.8;37.6;98.2
2026;1;1600;CENTRO EDUC. UNIVERSO (Ingleses Centro);100;351;78;159;36;273;365;-34.2;32.9;86.8
2018;1;1600;CENTRO EDUC. UNIVERSO (Ingleses Centro);100;396;36;153;121;310;398;-61.9;19.0;61.0
2018;2;1600;CENTRO EDUC. UNIVERSO (Ingleses Centro);100;396;100;181;27;308;399;-28.8;35.6;91.2
2022;1;1600;CENTRO EDUC. UNIVERSO (Ingleses Centro);100;396;119;119;47;285;373;0.0;50.0;83.5
2022;2;1600;CENTRO EDUC. UNIVERSO (Ingleses Centro);100;396;123;143;11;277;373;-7.5;46.2;96.0
2026;1;1600;CENTRO EDUC. UNIVERSO (Ingleses Centro);100;396;104;137;34;275;365;-13.7;43.2;87.6
2018;1;1600;CENTRO EDUC. UNIVERSO (Ingleses Centro);100;405;47;191;88;326;396;-60.5;19.7;73.0
2018;2;1600;CENTRO EDUC. UNIVERSO (Ingleses Centro);100;405;92;209;25;326;396;-38.9;30.6;92.3
2022;1;1600;CENTRO EDUC. UNIVERSO (Ingleses Centro);100;405;88;156;29;273;371;-27.9;36.1;89.4
2022;2;1600;CENTRO EDUC. UNIVERSO (Ingleses Centro);100;405;96;174;10;280;371;-28.9;35.6;96.4
2026;1;1600;CENTRO EDUC. UNIVERSO (Ingleses Centro);100;405;80;180;20;280;364;-38.5;30.8;92.9
2018;1;1643;EBM MARIA TOMAZIA COELHO (Santinho);100;100;27;179;100;306;381;-73.8;13.1;67.3
2018;2;1643;EBM MARIA TOMAZIA COELHO (Santinho);100;100;66;214;30;310;381;-52.9;23.6;90.3
2022;1;1643;EBM MARIA TOMAZIA COELHO (Santinho);100;100;93;150;53;296;401;-23.5;38.3;82.1
2022;2;1643;EBM MARIA TOMAZIA COELHO (Santinho);100;100;98;195;11;304;400;-33.1;33.4;96.4
2026;1;1643;EBM MARIA TOMAZIA COELHO (Santinho);100;100;72;148;40;260;357;-34.5;32.7;84.6
2018;1;1643;EBM MARIA TOMAZIA COELHO (Santinho);100;101;22;187;120;329;379;-78.9;10.5;63.5
2018;2;1643;EBM MARIA TOMAZIA COELHO (Santinho);100;101;83;210;23;316;379;-43.3;28.3;92.7
2022;1;1643;EBM MARIA TOMAZIA COELHO (Santinho);100;101;102;174;51;327;400;-26.1;37.0;84.4
2022;2;1643;EBM MARIA TOMAZIA COELHO (Santinho);100;101;111;203;17;331;399;-29.3;35.4;94.9
2026;1;1643;EBM MARIA TOMAZIA COELHO (Santinho);100;101;83;168;44;295;359;-33.9;33.1;85.1
2018;1;1643;EBM MARIA TOMAZIA COELHO (Santinho);100;162;27;174;109;310;386;-73.1;13.4;64.8
2018;2;1643;EBM MARIA TOMAZIA COELHO (Santinho);100;162;92;187;26;305;379;-34.1;33.0;91.5
2022;1;1643;EBM MARIA TOMAZIA COELHO (Santinho);100;162;115;148;44;307;399;-12.5;43.7;85.7
2022;2;1643;EBM MARIA TOMAZIA COELHO (Santinho);100;162;117;188;13;318;398;-23.3;38.4;95.9
2026;1;1643;EBM MARIA TOMAZIA COELHO (Santinho);100;162;103;143;43;289;373;-16.3;41.9;85.1
2018;1;1643;EBM MARIA TOMAZIA COELHO (Santinho);100;217;22;178;107;307;380;-78.0;11.0;65.1
2018;2;1643;EBM MARIA TOMAZIA COELHO (Santinho);100;217;67;209;28;304;380;-51.4;24.3;90.8
2022;1;1643;EBM MARIA TOMAZIA COELHO (Santinho);100;217;100;170;53;323;400;-25.9;37.0;83.6
2022;2;1643;EBM MARIA TOMAZIA COELHO (Santinho);100;217;108;201;16;325;400;-30.1;35.0;95.1
2026;1;1643;EBM MARIA TOMAZIA COELHO (Santinho);100;217;88;153;40;281;357;-27.0;36.5;85.8
2018;1;1643;EBM MARIA TOMAZIA COELHO (Santinho);100;250;30;167;102;299;375;-69.5;15.2;65.9
2018;2;1643;EBM MARIA TOMAZIA COELHO (Santinho);100;250;87;189;21;297;375;-37.0;31.5;92.9
2022;1;1643;EBM MARIA TOMAZIA COELHO (Santinho);100;250;111;151;35;297;400;-15.3;42.4;88.2
2022;2;1643;EBM MARIA TOMAZIA COELHO (Santinho);100;250;123;163;12;298;399;-14.0;43.0;96.0
2026;1;1643;EBM MARIA TOMAZIA COELHO (Santinho);100;250;107;155;33;295;373;-18.3;40.8;88.8
2018;1;1643;EBM MARIA TOMAZIA COELHO (Santinho);100;292;37;164;122;323;378;-63.2;18.4;62.2
2018;2;1643;EBM MARIA TOMAZIA COELHO (Santinho);100;292;84;196;35;315;379;-40.0;30.0;88.9
2022;1;1643;EBM MARIA TOMAZIA COELHO (Santinho);100;292;106;163;51;320;401;-21.2;39.4;84.1
2022;2;1643;EBM MARIA TOMAZIA COELHO (Santinho);100;292;122;188;14;324;402;-21.3;39.4;95.7
2026;1;1643;EBM MARIA TOMAZIA COELHO (Santinho);100;292;88;160;36;284;358;-29.0;35.5;87.3
2018;1;1643;EBM MARIA TOMAZIA COELHO (Santinho);100;333;38;145;114;297;378;-58.5;20.8;61.6
2018;2;1643;EBM MARIA TOMAZIA COELHO (Santinho);100;333;94;159;33;286;378;-25.7;37.2;88.5
2022;1;1643;EBM MARIA TOMAZIA COELHO (Santinho);100;333;131;131;37;299;398;0.0;50.0;87.6
2022;2;1643;EBM MARIA TOMAZIA COELHO (Santinho);100;333;138;143;14;295;399;-1.8;49.1;95.3
2026;1;1643;EBM MARIA TOMAZIA COELHO (Santinho);100;333;103;139;29;271;357;-14.9;42.6;89.3
2018;1;1643;EBM MARIA TOMAZIA COELHO (Santinho);100;394;21;163;115;299;377;-77.2;11.4;61.5
2018;2;1643;EBM MARIA TOMAZIA COELHO (Santinho);100;394;77;190;27;294;377;-42.3;28.8;90.8
2022;1;1643;EBM MARIA TOMAZIA COELHO (Santinho);100;394;107;158;29;294;401;-19.2;40.4;90.1
2022;2;1643;EBM MARIA TOMAZIA COELHO (Santinho);100;394;118;174;5;297;401;-19.2;40.4;98.3
2026;1;1643;EBM MARIA TOMAZIA COELHO (Santinho);100;394;87;144;35;266;356;-24.7;37.7;86.8
2022;1;1643;EBM MARIA TOMAZIA COELHO (Santinho);100;435;176;109;47;332;400;23.5;61.8;85.8
2022;2;1643;EBM MARIA TOMAZIA COELHO (Santinho);100;435;188;141;9;338;402;14.3;57.1;97.3
2026;1;1643;EBM MARIA TOMAZIA COELHO (Santinho);100;435;125;109;38;272;357;6.8;53.4;86.0
2026;1;1643;EBM MARIA TOMAZIA COELHO (Santinho);100;490;97;149;49;295;359;-21.1;39.4;83.4
2018;1;1678;EBM ANTÔNIO PASCHOAL APÓSTOLO (Capivari);100;264;48;151;115;314;393;-51.8;24.1;63.4
2018;2;1678;EBM ANTÔNIO PASCHOAL APÓSTOLO (Capivari);100;264;113;177;28;318;393;-22.1;39.0;91.2
2022;1;1678;EBM ANTÔNIO PASCHOAL APÓSTOLO (Capivari);100;264;138;127;39;304;401;4.2;52.1;87.2
2022;2;1678;EBM ANTÔNIO PASCHOAL APÓSTOLO (Capivari);100;264;151;157;15;323;401;-1.9;49.0;95.4
2026;1;1678;EBM ANTÔNIO PASCHOAL APÓSTOLO (Capivari);100;264;107;139;35;281;381;-13.0;43.5;87.5
2018;1;1678;EBM ANTÔNIO PASCHOAL APÓSTOLO (Capivari);100;287;49;127;130;306;396;-44.3;27.8;57.5
2018;2;1678;EBM ANTÔNIO PASCHOAL APÓSTOLO (Capivari);100;287;117;159;35;311;395;-15.2;42.4;88.7
2022;1;1678;EBM ANTÔNIO PASCHOAL APÓSTOLO (Capivari);100;287;143;115;50;308;399;10.9;55.4;83.8
2022;2;1678;EBM ANTÔNIO PASCHOAL APÓSTOLO (Capivari);100;287;153;133;13;299;399;7.0;53.5;95.7
2026;1;1678;EBM ANTÔNIO PASCHOAL APÓSTOLO (Capivari);100;287;126;131;34;291;378;-1.9;49.0;88.3
2018;1;1678;EBM ANTÔNIO PASCHOAL APÓSTOLO (Capivari);100;305;31;142;140;313;397;-64.2;17.9;55.3
2018;2;1678;EBM ANTÔNIO PASCHOAL APÓSTOLO (Capivari);100;305;115;161;30;306;397;-16.7;41.7;90.2
2022;1;1678;EBM ANTÔNIO PASCHOAL APÓSTOLO (Capivari);100;305;136;139;39;314;402;-1.1;49.5;87.6
2022;2;1678;EBM ANTÔNIO PASCHOAL APÓSTOLO (Capivari);100;305;144;165;9;318;402;-6.8;46.6;97.2
2026;1;1678;EBM ANTÔNIO PASCHOAL APÓSTOLO (Capivari);100;305;125;133;40;298;380;-3.1;48.4;86.6
2018;1;1678;EBM ANTÔNIO PASCHOAL APÓSTOLO (Capivari);100;319;45;119;128;292;396;-45.1;27.4;56.2
2018;2;1678;EBM ANTÔNIO PASCHOAL APÓSTOLO (Capivari);100;319;108;150;30;288;396;-16.3;41.9;89.6
2022;1;1678;EBM ANTÔNIO PASCHOAL APÓSTOLO (Capivari);100;319;146;120;39;305;402;9.8;54.9;87.2
2022;2;1678;EBM ANTÔNIO PASCHOAL APÓSTOLO (Capivari);100;319;156;140;7;303;401;5.4;52.7;97.7
2026;1;1678;EBM ANTÔNIO PASCHOAL APÓSTOLO (Capivari);100;319;117;119;37;273;381;-0.8;49.6;86.4
2018;1;1678;EBM ANTÔNIO PASCHOAL APÓSTOLO (Capivari);100;332;51;140;123;314;396;-46.6;26.7;60.8
2018;2;1678;EBM ANTÔNIO PASCHOAL APÓSTOLO (Capivari);100;332;112;174;29;315;396;-21.7;39.2;90.8
2022;1;1678;EBM ANTÔNIO PASCHOAL APÓSTOLO (Capivari);100;332;124;134;40;298;400;-3.9;48.1;86.6
2022;2;1678;EBM ANTÔNIO PASCHOAL APÓSTOLO (Capivari);100;332;132;156;13;301;400;-8.3;45.8;95.7
2026;1;1678;EBM ANTÔNIO PASCHOAL APÓSTOLO (Capivari);100;332;104;144;35;283;379;-16.1;41.9;87.6
2018;1;1678;EBM ANTÔNIO PASCHOAL APÓSTOLO (Capivari);100;355;38;129;124;291;393;-54.5;22.8;57.4
2018;2;1678;EBM ANTÔNIO PASCHOAL APÓSTOLO (Capivari);100;355;112;142;36;290;394;-11.8;44.1;87.6
2022;1;1678;EBM ANTÔNIO PASCHOAL APÓSTOLO (Capivari);100;355;134;132;44;310;401;0.8;50.4;85.8
2022;2;1678;EBM ANTÔNIO PASCHOAL APÓSTOLO (Capivari);100;355;142;150;13;305;401;-2.7;48.6;95.7
2026;1;1678;EBM ANTÔNIO PASCHOAL APÓSTOLO (Capivari);100;355;118;118;43;279;381;0.0;50.0;84.6
2018;1;1678;EBM ANTÔNIO PASCHOAL APÓSTOLO (Capivari);100;372;33;160;133;326;395;-65.8;17.1;59.2
2018;2;1678;EBM ANTÔNIO PASCHOAL APÓSTOLO (Capivari);100;372;96;188;41;325;394;-32.4;33.8;87.4
2022;1;1678;EBM ANTÔNIO PASCHOAL APÓSTOLO (Capivari);100;372;133;139;52;324;400;-2.2;48.9;84.0
2022;2;1678;EBM ANTÔNIO PASCHOAL APÓSTOLO (Capivari);100;372;148;157;11;316;398;-3.0;48.5;96.5
2026;1;1678;EBM ANTÔNIO PASCHOAL APÓSTOLO (Capivari);100;372;115;136;36;287;378;-8.4;45.8;87.5
2018;1;1678;EBM ANTÔNIO PASCHOAL APÓSTOLO (Capivari);100;417;29;140;104;273;396;-65.7;17.2;61.9
2018;2;1678;EBM ANTÔNIO PASCHOAL APÓSTOLO (Capivari);100;417;85;167;30;282;397;-32.5;33.7;89.4
2022;1;1678;EBM ANTÔNIO PASCHOAL APÓSTOLO (Capivari);100;417;116;128;46;290;401;-4.9;47.5;84.1
2022;2;1678;EBM ANTÔNIO PASCHOAL APÓSTOLO (Capivari);100;417;125;155;8;288;400;-10.7;44.6;97.2
2026;1;1678;EBM ANTÔNIO PASCHOAL APÓSTOLO (Capivari);100;417;104;140;34;278;380;-14.8;42.6;87.8
2018;1;1678;EBM ANTÔNIO PASCHOAL APÓSTOLO (Capivari);100;423;16;38;33;87;109;-40.7;29.6;62.1
2018;2;1678;EBM ANTÔNIO PASCHOAL APÓSTOLO (Capivari);100;423;44;46;6;96;109;-2.2;48.9;93.8
2022;1;1678;EBM ANTÔNIO PASCHOAL APÓSTOLO (Capivari);100;423;128;100;31;259;399;12.3;56.1;88.0
2022;2;1678;EBM ANTÔNIO PASCHOAL APÓSTOLO (Capivari);100;423;130;120;6;256;400;4.0;52.0;97.7
2026;1;1678;EBM ANTÔNIO PASCHOAL APÓSTOLO (Capivari);100;423;114;127;31;272;382;-5.4;47.3;88.6
2022;1;1678;EBM ANTÔNIO PASCHOAL APÓSTOLO (Capivari);100;434;148;105;30;283;400;17.0;58.5;89.4
2022;2;1678;EBM ANTÔNIO PASCHOAL APÓSTOLO (Capivari);100;434;153;117;10;280;400;13.3;56.7;96.4
2022;1;1678;EBM ANTÔNIO PASCHOAL APÓSTOLO (Capivari);100;441;149;124;27;300;395;9.2;54.6;91.0
2022;2;1678;EBM ANTÔNIO PASCHOAL APÓSTOLO (Capivari);100;441;156;138;11;305;395;6.1;53.1;96.4
2022;1;1678;EBM ANTÔNIO PASCHOAL APÓSTOLO (Capivari);100;456;198;120;26;344;400;24.5;62.3;92.4
2022;2;1678;EBM ANTÔNIO PASCHOAL APÓSTOLO (Capivari);100;456;202;138;9;349;400;18.8;59.4;97.4
2018;1;1686;ANEXO INTENDENTE JOSÉ FERNANDES (Capivari);100;299;26;168;96;290;355;-73.2;13.4;66.9
2018;2;1686;ANEXO INTENDENTE JOSÉ FERNANDES (Capivari);100;299;69;195;27;291;355;-47.7;26.1;90.7
2022;1;1686;ANEXO INTENDENTE JOSÉ FERNANDES (Capivari);100;299;110;156;41;307;394;-17.3;41.4;86.6
2022;2;1686;ANEXO INTENDENTE JOSÉ FERNANDES (Capivari);100;299;131;169;12;312;395;-12.7;43.7;96.2
2026;1;1686;ANEXO INTENDENTE JOSÉ FERNANDES (Capivari);100;299;91;148;44;283;380;-23.8;38.1;84.5
2018;1;1686;ANEXO INTENDENTE JOSÉ FERNANDES (Capivari);100;310;55;151;113;319;389;-46.6;26.7;64.6
2018;2;1686;ANEXO INTENDENTE JOSÉ FERNANDES (Capivari);100;310;113;177;23;313;387;-22.1;39.0;92.7
2022;1;1686;ANEXO INTENDENTE JOSÉ FERNANDES (Capivari);100;310;138;136;35;309;391;0.7;50.4;88.7
2022;2;1686;ANEXO INTENDENTE JOSÉ FERNANDES (Capivari);100;310;155;150;15;320;393;1.6;50.8;95.3
2026;1;1686;ANEXO INTENDENTE JOSÉ FERNANDES (Capivari);100;310;117;146;28;291;390;-11.0;44.5;90.4
2018;1;1686;ANEXO INTENDENTE JOSÉ FERNANDES (Capivari);100;328;38;156;92;286;359;-60.8;19.6;67.8
2018;2;1686;ANEXO INTENDENTE JOSÉ FERNANDES (Capivari);100;328;73;183;23;279;359;-43.0;28.5;91.8
2022;1;1686;ANEXO INTENDENTE JOSÉ FERNANDES (Capivari);100;328;96;155;50;301;394;-23.5;38.2;83.4
2022;2;1686;ANEXO INTENDENTE JOSÉ FERNANDES (Capivari);100;328;113;177;12;302;395;-22.1;39.0;96.0
2026;1;1686;ANEXO INTENDENTE JOSÉ FERNANDES (Capivari);100;328;98;145;38;281;381;-19.3;40.3;86.5
2018;1;1686;ANEXO INTENDENTE JOSÉ FERNANDES (Capivari);100;381;32;172;103;307;391;-68.6;15.7;66.4
2018;2;1686;ANEXO INTENDENTE JOSÉ FERNANDES (Capivari);100;381;78;210;28;316;391;-45.8;27.1;91.1
2022;1;1686;ANEXO INTENDENTE JOSÉ FERNANDES (Capivari);100;381;112;163;37;312;394;-18.5;40.7;88.1
2022;2;1686;ANEXO INTENDENTE JOSÉ FERNANDES (Capivari);100;381;108;181;14;303;394;-25.3;37.4;95.4
2026;1;1686;ANEXO INTENDENTE JOSÉ FERNANDES (Capivari);100;381;97;168;37;302;390;-26.8;36.6;87.7
2018;1;1686;ANEXO INTENDENTE JOSÉ FERNANDES (Capivari);100;410;43;137;100;280;351;-52.2;23.9;64.3
2018;2;1686;ANEXO INTENDENTE JOSÉ FERNANDES (Capivari);100;410;84;152;34;270;353;-28.8;35.6;87.4
2022;1;1686;ANEXO INTENDENTE JOSÉ FERNANDES (Capivari);100;410;115;142;28;285;391;-10.5;44.7;90.2
2022;2;1686;ANEXO INTENDENTE JOSÉ FERNANDES (Capivari);100;410;118;162;10;290;392;-15.7;42.1;96.6
2026;1;1686;ANEXO INTENDENTE JOSÉ FERNANDES (Capivari);100;410;87;136;35;258;379;-22.0;39.0;86.4
2022;1;1686;ANEXO INTENDENTE JOSÉ FERNANDES (Capivari);100;431;128;121;40;289;396;2.8;51.4;86.2
2022;2;1686;ANEXO INTENDENTE JOSÉ FERNANDES (Capivari);100;431;127;141;9;277;396;-5.2;47.4;96.8
2026;1;1686;ANEXO INTENDENTE JOSÉ FERNANDES (Capivari);100;431;105;121;34;260;384;-7.1;46.5;86.9
2022;1;1686;ANEXO INTENDENTE JOSÉ FERNANDES (Capivari);100;438;154;110;27;291;400;16.7;58.3;90.7
2022;2;1686;ANEXO INTENDENTE JOSÉ FERNANDES (Capivari);100;438;154;126;9;289;400;10.0;55.0;96.9
2026;1;1686;ANEXO INTENDENTE JOSÉ FERNANDES (Capivari);100;438;110;119;28;257;379;-3.9;48.0;89.1
2022;1;1686;ANEXO INTENDENTE JOSÉ FERNANDES (Capivari);100;447;156;126;29;311;398;10.6;55.3;90.7
2022;2;1686;ANEXO INTENDENTE JOSÉ FERNANDES (Capivari);100;447;167;136;12;315;398;10.2;55.1;96.2
2026;1;1686;ANEXO INTENDENTE JOSÉ FERNANDES (Capivari);100;447;116;116;45;277;379;0.0;50.0;83.8
2026;1;1686;ANEXO INTENDENTE JOSÉ FERNANDES (Capivari);100;448;107;133;33;273;384;-10.8;44.6;87.9
2026;1;1686;ANEXO INTENDENTE JOSÉ FERNANDES (Capivari);100;459;114;121;33;268;379;-3.0;48.5;87.7
2026;1;1686;ANEXO INTENDENTE JOSÉ FERNANDES (Capivari);100;466;113;131;25;269;379;-7.4;46.3;90.7
2026;1;1686;ANEXO INTENDENTE JOSÉ FERNANDES (Capivari);100;508;130;128;27;285;378;0.8;50.4;90.5
2026;1;1686;ANEXO INTENDENTE JOSÉ FERNANDES (Capivari);100;515;89;118;30;237;378;-14.0;43.0;87.3
2026;1;1686;ANEXO INTENDENTE JOSÉ FERNANDES (Capivari);100;522;123;129;41;293;380;-2.4;48.8;86.0
2026;1;1686;ANEXO INTENDENTE JOSÉ FERNANDES (Capivari);100;527;120;161;58;339;395;-14.6;42.7;82.9
2018;1;1732;EBM HERONDINA ZEFERINO (Ingleses Centro);100;232;41;170;88;299;396;-61.1;19.4;70.6
2018;2;1732;EBM HERONDINA ZEFERINO (Ingleses Centro);100;232;89;196;21;306;396;-37.5;31.2;93.1
2022;1;1732;EBM HERONDINA ZEFERINO (Ingleses Centro);100;232;106;163;36;305;394;-21.2;39.4;88.2
2022;2;1732;EBM HERONDINA ZEFERINO (Ingleses Centro);100;232;114;183;6;303;396;-23.2;38.4;98.0
2026;1;1732;EBM HERONDINA ZEFERINO (Ingleses Centro);100;232;94;168;39;301;388;-28.2;35.9;87.0
2018;1;1732;EBM HERONDINA ZEFERINO (Ingleses Centro);100;270;39;158;101;298;396;-60.4;19.8;66.1
2018;2;1732;EBM HERONDINA ZEFERINO (Ingleses Centro);100;270;86;181;27;294;396;-35.6;32.2;90.8
2022;1;1732;EBM HERONDINA ZEFERINO (Ingleses Centro);100;270;102;150;41;293;398;-19.0;40.5;86.0
2022;2;1732;EBM HERONDINA ZEFERINO (Ingleses Centro);100;270;114;169;9;292;397;-19.4;40.3;96.9
2026;1;1732;EBM HERONDINA ZEFERINO (Ingleses Centro);100;270;100;141;39;280;388;-17.0;41.5;86.1
2018;1;1732;EBM HERONDINA ZEFERINO (Ingleses Centro);100;336;35;151;109;295;397;-62.4;18.8;63.1
2018;2;1732;EBM HERONDINA ZEFERINO (Ingleses Centro);100;336;84;165;37;286;397;-32.5;33.7;87.1
2022;1;1732;EBM HERONDINA ZEFERINO (Ingleses Centro);100;336;119;142;39;300;400;-8.8;45.6;87.0
2022;2;1732;EBM HERONDINA ZEFERINO (Ingleses Centro);100;336;132;154;9;295;400;-7.7;46.2;96.9
2026;1;1732;EBM HERONDINA ZEFERINO (Ingleses Centro);100;336;91;142;39;272;373;-21.9;39.1;85.7
2018;1;1732;EBM HERONDINA ZEFERINO (Ingleses Centro);100;345;46;170;97;313;394;-57.4;21.3;69.0
2018;2;1732;EBM HERONDINA ZEFERINO (Ingleses Centro);100;345;101;188;30;319;395;-30.1;34.9;90.6
2022;1;1732;EBM HERONDINA ZEFERINO (Ingleses Centro);100;345;124;145;40;309;401;-7.8;46.1;87.1
2022;2;1732;EBM HERONDINA ZEFERINO (Ingleses Centro);100;345;127;172;10;309;401;-15.1;42.5;96.8
2026;1;1732;EBM HERONDINA ZEFERINO (Ingleses Centro);100;345;105;143;30;278;374;-15.3;42.3;89.2
2018;1;1732;EBM HERONDINA ZEFERINO (Ingleses Centro);100;376;37;177;99;313;399;-65.4;17.3;68.4
2018;2;1732;EBM HERONDINA ZEFERINO (Ingleses Centro);100;376;80;203;21;304;399;-43.5;28.3;93.1
2022;1;1732;EBM HERONDINA ZEFERINO (Ingleses Centro);100;376;104;160;38;302;400;-21.2;39.4;87.4
2022;2;1732;EBM HERONDINA ZEFERINO (Ingleses Centro);100;376;110;177;11;298;399;-23.3;38.3;96.3
2026;1;1732;EBM HERONDINA ZEFERINO (Ingleses Centro);100;376;90;137;46;273;373;-20.7;39.6;83.2
2018;1;1732;EBM HERONDINA ZEFERINO (Ingleses Centro);100;398;38;156;138;332;444;-60.8;19.6;58.4
2018;2;1732;EBM HERONDINA ZEFERINO (Ingleses Centro);100;398;119;197;23;339;444;-24.7;37.7;93.2
2022;1;1732;EBM HERONDINA ZEFERINO (Ingleses Centro);100;398;118;154;27;299;400;-13.2;43.4;91.0
2022;2;1732;EBM HERONDINA ZEFERINO (Ingleses Centro);100;398;123;166;8;297;401;-14.9;42.6;97.3
2026;1;1732;EBM HERONDINA ZEFERINO (Ingleses Centro);100;398;100;157;31;288;387;-22.2;38.9;89.2
2018;1;1732;EBM HERONDINA ZEFERINO (Ingleses Centro);100;406;42;136;91;269;397;-52.8;23.6;66.2
2018;2;1732;EBM HERONDINA ZEFERINO (Ingleses Centro);100;406;89;158;21;268;397;-27.9;36.0;92.2
2022;1;1732;EBM HERONDINA ZEFERINO (Ingleses Centro);100;406;103;145;31;279;401;-16.9;41.5;88.9
2022;2;1732;EBM HERONDINA ZEFERINO (Ingleses Centro);100;406;117;162;10;289;401;-16.1;41.9;96.5
2026;1;1732;EBM HERONDINA ZEFERINO (Ingleses Centro);100;406;95;150;32;277;389;-22.4;38.8;88.4
2018;1;1732;EBM HERONDINA ZEFERINO (Ingleses Centro);100;411;33;124;120;277;395;-58.0;21.0;56.7
2018;2;1732;EBM HERONDINA ZEFERINO (Ingleses Centro);100;411;105;132;33;270;395;-11.4;44.3;87.8
2022;1;1732;EBM HERONDINA ZEFERINO (Ingleses Centro);100;411;115;108;31;254;400;3.1;51.6;87.8
2022;2;1732;EBM HERONDINA ZEFERINO (Ingleses Centro);100;411;123;119;11;253;401;1.7;50.8;95.7
2026;1;1732;EBM HERONDINA ZEFERINO (Ingleses Centro);100;411;108;128;31;267;388;-8.5;45.8;88.4
2022;1;1732;EBM HERONDINA ZEFERINO (Ingleses Centro);100;425;114;105;39;258;399;4.1;52.1;84.9
2022;2;1732;EBM HERONDINA ZEFERINO (Ingleses Centro);100;425;125;134;13;272;400;-3.5;48.3;95.2
2026;1;1732;EBM HERONDINA ZEFERINO (Ingleses Centro);100;425;99;117;42;258;387;-8.3;45.8;83.7
2022;1;1732;EBM HERONDINA ZEFERINO (Ingleses Centro);100;430;87;154;28;269;398;-27.8;36.1;89.6
2022;2;1732;EBM HERONDINA ZEFERINO (Ingleses Centro);100;430;95;168;8;271;397;-27.8;36.1;97.0
2026;1;1732;EBM HERONDINA ZEFERINO (Ingleses Centro);100;430;80;170;30;280;385;-36.0;32.0;89.3
2022;1;1732;EBM HERONDINA ZEFERINO (Ingleses Centro);100;436;121;116;43;280;397;2.1;51.1;84.6
2022;2;1732;EBM HERONDINA ZEFERINO (Ingleses Centro);100;436;137;134;14;285;397;1.1;50.6;95.1
2026;1;1732;EBM HERONDINA ZEFERINO (Ingleses Centro);100;436;107;142;29;278;375;-14.1;43.0;89.6
2022;1;1732;EBM HERONDINA ZEFERINO (Ingleses Centro);100;440;150;108;42;300;397;16.3;58.1;86.0
2022;2;1732;EBM HERONDINA ZEFERINO (Ingleses Centro);100;440;158;127;13;298;398;10.9;55.4;95.6
2026;1;1732;EBM HERONDINA ZEFERINO (Ingleses Centro);100;440;125;124;27;276;372;0.4;50.2;90.2
2022;1;1732;EBM HERONDINA ZEFERINO (Ingleses Centro);100;446;161;125;51;337;395;12.6;56.3;84.9
2022;2;1732;EBM HERONDINA ZEFERINO (Ingleses Centro);100;446;177;144;12;333;396;10.3;55.1;96.4
2026;1;1732;EBM HERONDINA ZEFERINO (Ingleses Centro);100;446;115;127;43;285;373;-5.0;47.5;84.9
2022;1;1732;EBM HERONDINA ZEFERINO (Ingleses Centro);100;454;152;176;37;365;398;-7.3;46.3;89.9
2022;2;1732;EBM HERONDINA ZEFERINO (Ingleses Centro);100;454;158;186;9;353;400;-8.1;45.9;97.5
2026;1;1732;EBM HERONDINA ZEFERINO (Ingleses Centro);100;454;114;145;38;297;373;-12.0;44.0;87.2
2022;1;1732;EBM HERONDINA ZEFERINO (Ingleses Centro);100;467;154;167;26;347;400;-4.0;48.0;92.5
2022;2;1732;EBM HERONDINA ZEFERINO (Ingleses Centro);100;467;150;175;7;332;398;-7.7;46.2;97.9
2026;1;1732;EBM HERONDINA ZEFERINO (Ingleses Centro);100;467;117;158;23;298;388;-14.9;42.5;92.3
2022;1;1732;EBM HERONDINA ZEFERINO (Ingleses Centro);100;470;145;153;46;344;399;-2.7;48.7;86.6
2022;2;1732;EBM HERONDINA ZEFERINO (Ingleses Centro);100;470;157;181;10;348;400;-7.1;46.4;97.1
2026;1;1732;EBM HERONDINA ZEFERINO (Ingleses Centro);100;470;112;144;26;282;374;-12.5;43.8;90.8
2022;1;1732;EBM HERONDINA ZEFERINO (Ingleses Centro);100;472;166;138;46;350;399;9.2;54.6;86.9
2022;2;1732;EBM HERONDINA ZEFERINO (Ingleses Centro);100;472;176;155;13;344;401;6.3;53.2;96.2
2026;1;1732;EBM HERONDINA ZEFERINO (Ingleses Centro);100;472;123;130;37;290;375;-2.8;48.6;87.2
2022;1;1732;EBM HERONDINA ZEFERINO (Ingleses Centro);100;475;157;147;25;329;400;3.3;51.6;92.4
2022;2;1732;EBM HERONDINA ZEFERINO (Ingleses Centro);100;475;165;155;10;330;399;3.1;51.6;97.0
2026;1;1732;EBM HERONDINA ZEFERINO (Ingleses Centro);100;475;112;139;33;284;371;-10.8;44.6;88.4
2022;1;1732;EBM HERONDINA ZEFERINO (Ingleses Centro);100;478;160;115;30;305;400;16.4;58.2;90.2
2022;2;1732;EBM HERONDINA ZEFERINO (Ingleses Centro);100;478;162;151;3;316;399;3.5;51.8;99.1
2026;1;1732;EBM HERONDINA ZEFERINO (Ingleses Centro);100;478;105;117;31;253;372;-5.4;47.3;87.7
2022;1;1732;EBM HERONDINA ZEFERINO (Ingleses Centro);100;482;178;149;21;348;401;8.9;54.4;94.0
2022;2;1732;EBM HERONDINA ZEFERINO (Ingleses Centro);100;482;178;158;8;344;402;6.0;53.0;97.7
2026;1;1732;EBM HERONDINA ZEFERINO (Ingleses Centro);100;482;87;115;45;247;388;-13.9;43.1;81.8
2026;1;1732;EBM HERONDINA ZEFERINO (Ingleses Centro);100;489;83;121;42;246;387;-18.6;40.7;82.9
2026;1;1732;EBM HERONDINA ZEFERINO (Ingleses Centro);100;498;117;153;36;306;377;-13.3;43.3;88.2
2026;1;1732;EBM HERONDINA ZEFERINO (Ingleses Centro);100;499;99;125;47;271;373;-11.6;44.2;82.7
2026;1;1732;EBM HERONDINA ZEFERINO (Ingleses Centro);100;504;118;143;41;302;374;-9.6;45.2;86.4
2026;1;1732;EBM HERONDINA ZEFERINO (Ingleses Centro);100;516;85;152;37;274;378;-28.3;35.9;86.5
