loc	nome	endereco	bairro	cep	status	obs
1015	CENTRO EDUCACIONAL MUNICIPAL MARIA IRACEMA MARTINS DE ANDRADE	TRAVESSA PAULO LUCKNER, S/N 3257.6617	Barreiros	88111-370	fora	display: Travessa Paulo Luckner, Ipiranga, Barreiros, São José, Santa Catarina, Região Sul, 88111-370, Brasil… (fora da área — distrito de Barreiros)
1023	COLÉGIO ELISA ANDREOLI	RUA MADRE FLAVIA ANDRETTA, 448	Barreiros	88117-473	fora	display: Rua Madre Flávia Andretta, Barreiros, São José, Santa Catarina, Região Sul, 88117-473, Brasil… (fora da área — distrito de Barreiros)
1031	ESCOLA DE EDUCAÇÃO BÁSICA PROFESSOR OSWALDO RODRIGUES CABRAL	RUA SAO JOSE, 173 FONE 3665-5782	Barreiros	88110-603	fora	display: Rua São José, Bela Vista, Barreiros, São José, Santa Catarina, Região Sul, 88110-603, Brasil… (fora da área — distrito de Barreiros)
1040	ESCOLA DE EDUCAÇÃO BÁSICA PRESIDENTE JUSCELINO KUBITSCHEK	RUA JACOB SENS, S/N FONE (48) 3246 1224	Barreiros	88113-290	fora	display: Rua Jacob Sens, Areias, Barreiros, São José, Santa Catarina, Região Sul, 88113-290, Brasil… (fora da área — distrito de Barreiros)
1058	ESCOLA DE EDUCAÇÃO BASICA PROFESSORA MARIA DO CARMO LOPES	RUA CAXAMBU, S/N FONE (048)3665-5794	Barreiros	88115-390	fora	display: Rua Caxambu, Serraria, Barreiros, São José, Santa Catarina, Região Sul, 88115-390, Brasil… (fora da área — distrito de Barreiros)
1066	ESCOLA DE EDUCAÇÃO BÁSICA NOSSA SENHORA DA CONCEIÇÃO	RUA JOÃO GRUMICHE, 805	Roçado	88108-100	fronteira	display: R. João Grumiché, 805, Roçado, 88108; fora dos polígonos; ~304 m da divisa 'Praia Comprida' → EXT
1074	ESCOLA BÁSICA PROFESSOR ALTINO CORSINO DA SILVA FLORES	RUA GENUINO PEREIRA DA SILVA, N. 514 FONE (048)3240.5546	Barreiros	88090-503	fora	display: Rua Genuíno Pereira da Silva, Barreiros, São José, Santa Catarina, Região Sul, 88090-503, Brasil… (fora da área — distrito de Barreiros)
1082	ESCOLA DE EDUCAÇÃO BÁSICA ALDO CÂMARA DA SILVA	RUA PEDRO ANDRÉ HERMES, S/N	Barreiros	88110-675	fora	display: Rua Pedro André Hermes, Nossa Senhora do Rosário, Barreiros, São José, Santa Catarina, Região Sul, 88110-675, … (fora da área — distrito de Barreiros)
1090	ESCOLA DE EDUCAÇÃO BÁSICA PROFESSOR AMERICO VESPUCIO PRATES	RUA JOSE VICTOR DA ROSA, 770 FONE (48) 3665 6402	Barreiros	88117-001	fora	display: Rua José Vítor Rosa, Barreiros, São José, Santa Catarina, Região Sul, 88117-001, Brasil… (fora da área — distrito de Barreiros)
1104	ESCOLA BÁSICA MUNICIPAL VEREADORA ALBERTINA KRUMMEL MACIEL	RUA ADÉLIO LONGO, N. 675	Fazenda Santo Antônio	88104-400	OK	display: R. Adélio Longo, 675, Fazenda Santo Antônio, 88104-400; dentro do polígono OSM 'Fazenda Santo Antônio'; 'Fazenda do Max' = Fazenda Santo Antônio (Wikipedia: terras de Max Habitzel) — inferência declarada
1147	CENTRO EDUCACIONAL MUNICIPAL RENASCER	RUA JOSÉ ANTÔNIO PEREIRA, S/N	Barreiros	88111-490	fora	display: Centro Educacional Municipal Renascer, Rua José Antônio Pereira, Real Parque, Barreiros, São José, Santa Catar… (fora da área — distrito de Barreiros)
1155	SALÃO PAROQUIAL NOSSA SENHORA DE LOURDES	RUA HERIBERTO HULSE, S/N	Barreiros	88115-100	fora	display: Rua Heriberto Hülse, Serraria, Barreiros, São José, Santa Catarina, Região Sul, 88115-100, Brasil… (fora da área — distrito de Barreiros)
1163	ESCOLA DE ENSINO FUNDAMENTAL DOUTOR HOMERO DE MIRANDA GOMES	RUA OTTO JULIO MALINA, S/N	Barreiros	88111-510	fora	display: Escola de Ensino Fundamental Doutor Homero de Miranda Gomes, Rua Otto Júlio Malina, Ipiranga, Barreiros, São J… (fora da área — distrito de Barreiros)
1171	ESCOLA DE EDUCACAO BÁSICA BELA VISTA	AVENIDA BRASILIA, S/N	Barreiros	88110-690	fora	display: Escola de Educação Básica Bela Vista, Avenida Brasília, Bela Vista, Barreiros, São José, Santa Catarina, Regiã… (fora da área — distrito de Barreiros)
1198	ESCOLA DE ENSINO FUNDAMENTAL SÃO MIGUEL	RUA MANOEL BANDEIRA, 306	Barreiros	88113-760	fora	display: Rua Manoel Bandeira, Areias, Barreiros, São José, Santa Catarina, Região Sul, 88113-760, Brasil… (fora da área — distrito de Barreiros)
1201	ESCOLA DE ENSINO FUNDAMENTAL CRISTO REI	RUA ALCEU AMOROSO LIMA, S/N	Barreiros	88113-480	fora	display: Escola de Ensino Fundamental Cristo Rei, Rua Cristo Rei, Real Parque, Barreiros, São José, Santa Catarina, Reg… (fora da área — distrito de Barreiros)
1210	ESCOLA DE EDUCAÇÃO BÁSICA CECÍLIA ROSA LOPES	RUA ALAN KARDEC, N. 284	—	—	fora	sem resultado no OSM (escola e rua); endereço TSE R. Alan Kardec, 284 (Forquilhinha, fora da área); sem seções em 2018/2022/2026; excluído (confiança baixa — sem verificação por polígono)
1244	SALÃO PAROQUIAL IGREJA MATRIZ DA SANTA CRUZ	RUA INDEPENDÊNCIA, N.  972	Barreiros	88113-300	fora	display: Rua Independência, Areias, Barreiros, São José, Santa Catarina, Região Sul, 88113-300, Brasil… (fora da área — distrito de Barreiros)
1260	ESCOLA DE EDUCAÇÃO BÁSICA PROFESSORA LAURITA DUTRA DE SOUZA	RUA GRALHA AZUL, S/N	Picadas do Sul	88106-260	fronteira	display: R. Gralha-Azul, Picadas do Sul, 88106-260; fora dos polígonos; ~1,0 km de 'Praia Comprida' → EXT
1287	MARISTA ESCOLA SOCIAL SÃO JOSÉ	RUA NOSSA SENHORA DOS NAVEGANTES, 2302	Barreiros	88130-000	fora	display: Rua Nossa Senhora dos Navegantes, Serraria, Barreiros, São José, Santa Catarina, Região Sul, 88130-000, Brasil… (fora da área — distrito de Barreiros)
1295	ESCOLA DE EDUCAÇÃO BÁSICA WANDERLEY JÚNIOR	RUA OTTO JULIO MALINA, 438	Barreiros	88111-500	fora	display: Escola de Educação Básica Wanderley Júnior, 438, Rua Otto Júlio Malina, Ipiranga, Barreiros, São José, Santa C… (fora da área — distrito de Barreiros)
1309	CENTRO EDUCACIONAL MUNICIPAL ARAUCÁRIA	RUA ALAÉSIO ILDEFONSO DA ROSA, S/N	Barreiros	88115-700	fora	display: Centro Educacional Municipal Araucária, Rua Alaésio Idelfonso Rosa, Serraria, Barreiros, São José, Santa Catar… (fora da área — distrito de Barreiros)
1317	SOCIEDADE DE ENSINO SUPERIOR ESTÁCIO DE SÁ LTDA	RUA LEOBERTO LEAL, N. 431	Rua Leoberto Leal	88600-000	fora	endereço TSE 'R. Leoberto Leal, 431'; hit de rua do Nominatim em outra cidade (São Joaquim/SC); POI: Faculdade Estácio de Sá, R. Laudelino Souza Filho, 431, Barreiros, 88117-473 → fora (~3 km, sul)
1325	CENTRO EDUCACIONAL MUNICIPAL LUAR	RUA ADUCI ARBOEIS DO NASCIMENTO, S/N	—	—	fora	POI: Residencial Moradas do Luar, 431, Serraria (distrito de Barreiros) → fora (~7 km, sul)
1333	CENTRO EDUCACIONAL INFANTIL SANTA INÊS	R. PAULO JOÃO DOS SANTOS, N. 157	Barreiros	88113-290	fora	display: Rua Paulo João dos Santos, Areias, Barreiros, São José, Santa Catarina, Região Sul, 88113-290, Brasil… (fora da área — distrito de Barreiros)
1341	CENTRO EDUCACIONAL MUNICIPAL JARDIM SOLEMAR	R. ALVELINA MARIA DA SILVA, 2551	—	—	fora	sem resultado no OSM; sem seções em 2018/2022/2026; excluído (zero impacto nos números)
1350	CENTRO EDUCACIONAL MUNICIPAL INTERATIVO	R. SÃO JORGE, S/N	Barreiros	88110-606	fora	display: Centro Educacional Municipal Interativo Floresta, 600, Rua São Jorge, Nossa Senhora do Rosário, Barreiros, São… (fora da área — distrito de Barreiros)
1368	CENTRO EDUCACIONAL MUNICIPAL MORAR BEM	AV. DAS MARGARIDAS, S/N	Barreiros	88115-273	fora	display: Centro Educacional Municipal Morar Bem, Rua das Bromélias, Serraria, Barreiros, São José, Santa Catarina, Regi… (fora da área — distrito de Barreiros)
1384	COLÉGIO MUNICIPAL MARIA LUIZA DE MELO	RUA JOSÉ FERMINO NOVAES - FUNDOS, S/N	—	—	fora	sem resultado no OSM; sem seções em 2018/2022/2026; excluído (zero impacto nos números)
1392	ESCOLA DE EDUCAÇÃO BÁSICA PROFESSORA VALDETE LUCI MARTINS PORTO	RUA ANTÔNIO JOVITA DUARTE, N. 7038	Alto Forquilhas	88107-745	fora	display: Alto Forquilhas, 88107-745 (fora dos 3 bairros alvo — Alto Forquilhas)
1422	ESCOLA DE ENSINO FUNDAMENTAL PROF MARCÍLIA DE OLIVEIRA	RUA FRANCISCO DE ASSIS, S/N	Forquilhinha	88106-600	fronteira	display: R. Francisco de Assis, Forquilhinha, 88106-600; fora dos polígonos; ~1,0–1,6 km → EXT
1511	SALÃO PAROQUIAL DA IGREJA DE SANTO ANTÔNIO	RUA IRMÃOS VIEIRA, N. 4	Campinas	88101-290	fronteira	display: R. Irmãos Vieira, 4, Campinas, 88101-290; fora dos polígonos; ~1,5 km → EXT
1570	ESCOLA DE EDUCAÇÃO BÁSICA PROFESSOR JOAQUIM SANTIAGO	RUA ZITA ALTHOFF KOERICH, 1744	Colônia Santana	88123-001	fora	display: Colônia Santana, 88123-001 (fora dos 3 bairros alvo — Colônia Santana)
1589	CENTRO EDUCACIONAL MUNICIPAL GOV. VILSON KLEINUBING	AVENIDA LISBOA, S/N QUADRA 5	Forquilhas Leste	88107-422	fora	display: Forquilhas Leste, 88107-422 (fora dos 3 bairros alvo — Forquilhas Leste)
1597	INSTITUTO FEDERAL DE SANTA CATARINA - CAMPUS SÃO JOSÉ/SC	RUA JOSÉ LINO KRETZER, N. 608	Centro Histórico	88130-310	OK	POI (campus IFSC) dentro da relation OSM 'Centro Histórico' (6954970) — point-in-polygon OK; CEP 88103 = faixa do CH
1600	CENTRO EDUCACIONAL MUNICIPAL MARIA HORTÊNCIA PEREIRA FURTADO	RUA CARLOS ALBERTO RUCK, S/N	Potecas	88119-057	fora	display: Potecas, 88119-057 (fora dos 3 bairros alvo — Potecas)
1619	CENTRO EDUCACIONAL MUNICIPAL ANTÔNIO FRANCISCO MACHADO	RUA PEDRO PAULO DE ABREU, S/N.	Forquilhinha	88106-517	fronteira	display: R. Pedro Paulo de Abreu, Forquilhinha, 88106-517; fora dos polígonos; ~1,0–1,6 km → EXT
1627	CENTRO DE EDUCAÇÃO INFANTIL SANTO ANTÔNIO	R. NEREU NETO CAPISTRANO, S/N	Fazenda Santo Antônio	88104-574	OK	POI: Creche Santo Antônio, R. Arnoldo Silveira de Souza, Fazenda Santo Antônio, 88104-574; dentro do polígono 'Fazenda Santo Antônio'
1635	CENTRO EDUCACIONAL MUNICIPAL SANTA TEREZINHA	R. FRANCISCO IGNACIO NASCIMENTO, S/N	Potecas	88107-540	fora	display: Potecas, 88107-540 (fora dos 3 bairros alvo — Potecas)
1643	CEI PROF. ANTÔNIO JOAQUIM DE SOUZA	AV. LISBOA - QUADRA 5	—	—	fora	sem resultado no OSM; mesma rua (Av. Lisboa) dos 1589/1651 (Forquilhas Leste, fora da área); sem seções em 2018/2022/2026; excluído
1651	CENTRO EDUCACIONAL MUNICIPAL SEBASTIÃO CORRÊA	AV. CENIRO LUIZ RIBEIRO MARTINS, 429.	Forquilhas Leste	88107-479	fora	display: Forquilhas Leste, 88107-479 (fora dos 3 bairros alvo — Forquilhas Leste)
1660	ESCOLA DE EDUCAÇÃO BÁSICA PROF MARIA JOSÉ BARBOSA VIEIRA	RUA JOAQUIM VAZ, 1413.	Praia Comprida	88102-650	OK	POI: R. Joaquim Vaz, 1413, Praia Comprida, 88102-650; dentro do polígono OSM 'Praia Comprida' (sanity OK)
1686	CENTRO EDUCACIONAL MUNICIPAL SANTA ANA	RUA ENGELBERTO KOERICH, 30.	—	—	fora	POI de rua: Av. Engelberto Koerich, Colônia Santana, 88123 → fora (~8,7 km, norte)
1708	FACULDADE ANHANGUERA	RUA LUIZ FAGUNDES	Praia Comprida	88103-445	OK	POI de rua: R. Luiz Fagundes, Praia Comprida, 88103-445; dentro do polígono 'Praia Comprida'; hit anterior do Nominatim rotulado 'Picadas do Sul' (88106-160) — resolvido pelo POI da escola; local somente em 2026
1716	ESCOLA PROFISSIONAL DE CAMPINAS	AV ALTAMIRO DI BERNARDI, 365.	—	—	fora	sem resultado no OSM; nome sugere Campinas (bairro vizinho, já coberto por 1511/1740 no EXT); sem seções em 2018/2022/2026; excluído
1724	CEI ONDINA SCHMIDT GERLACH	RUA CELSO JOAQUIM DA SILVA, 02.	—	—	fora	sem resultado no OSM; sem seções em 2018/2022/2026; excluído (zero impacto nos números)
1732	COLÉGIO VOCAÇÃO	RUA PONTE DE LIMA	Forquilhas Leste	88107-422	fora	display: Forquilhas Leste, 88107-422 (fora dos 3 bairros alvo — Forquilhas Leste)
1740	COLÉGIO GARDNER	RUA JOSÉ GONZAGA REGINA LIMA, 110.	Campinas	88102-250	fronteira	POI: R. Koesa, 110, Kobrasol/Campinas, 88102-250; fora dos polígonos; ~1,1 km → EXT; local somente em 2026
1759	SALÃO PAROQUIAL DA IGREJA SÃO FRANCISCO E SANTA RITA	RUA SILVA MARIA FABRO	—	—	fora	sem resultado no OSM; sem seções em 2018/2022/2026; excluído (zero impacto nos números)
