1015	CENTRO EDUCACIONAL MUNICIPAL MARIA IRACEMA MARTINS DE ANDRADE	TRAVESSA PAULO LUCKNER, S/N 3257.6617	TRAVESSA PAULO LUCKNER, São José, Santa Catarina	Travessa Paulo Luckner, Ipiranga, Barreiros, São José, Santa Catarina, Região Sul, 88111-370, Brasil			residential
1023	COLÉGIO ELISA ANDREOLI	RUA MADRE FLAVIA ANDRETTA, 448	RUA MADRE FLAVIA ANDRETTA 448, São José, Santa Catarina	Rua Madre Flávia Andretta, Barreiros, São José, Santa Catarina, Região Sul, 88117-473, Brasil			residential
1031	ESCOLA DE EDUCAÇÃO BÁSICA PROFESSOR OSWALDO RODRIGUES CABRAL	RUA SAO JOSE, 173 FONE 3665-5782	RUA SAO JOSE, São José, Santa Catarina	Rua São José, Bela Vista, Barreiros, São José, Santa Catarina, Região Sul, 88110-603, Brasil			secondary
1040	ESCOLA DE EDUCAÇÃO BÁSICA PRESIDENTE JUSCELINO KUBITSCHEK	RUA JACOB SENS, S/N FONE (48) 3246 1224	RUA JACOB SENS, São José, Santa Catarina	Rua Jacob Sens, Areias, Barreiros, São José, Santa Catarina, Região Sul, 88113-290, Brasil			tertiary
1058	ESCOLA DE EDUCAÇÃO BASICA PROFESSORA MARIA DO CARMO LOPES	RUA CAXAMBU, S/N FONE (048)3665-5794	RUA CAXAMBU, São José, Santa Catarina	Rua Caxambu, Serraria, Barreiros, São José, Santa Catarina, Região Sul, 88115-390, Brasil			residential
1066	ESCOLA DE EDUCAÇÃO BÁSICA NOSSA SENHORA DA CONCEIÇÃO	RUA JOÃO GRUMICHE, 805	RUA JOÃO GRUMICHE 805, São José, Santa Catarina	Escola Nossa Senhora da Conceição, 805, Rua João Grumiché, Roçado, Centro Histórico de São José, São José, Santa Catarina, Região Sul, 88108			school
1074	ESCOLA BÁSICA PROFESSOR ALTINO CORSINO DA SILVA FLORES	RUA GENUINO PEREIRA DA SILVA, N. 514 FONE (048)3240.5546	RUA GENUINO PEREIRA DA SILVA, São José, Santa Catarina	Rua Genuíno Pereira da Silva, Barreiros, São José, Santa Catarina, Região Sul, 88090-503, Brasil			residential
1082	ESCOLA DE EDUCAÇÃO BÁSICA ALDO CÂMARA DA SILVA	RUA PEDRO ANDRÉ HERMES, S/N	RUA PEDRO ANDRÉ HERMES, São José, Santa Catarina	Rua Pedro André Hermes, Nossa Senhora do Rosário, Barreiros, São José, Santa Catarina, Região Sul, 88110-675, Brasil			residential
1090	ESCOLA DE EDUCAÇÃO BÁSICA PROFESSOR AMERICO VESPUCIO PRATES	RUA JOSE VICTOR DA ROSA, 770 FONE (48) 3665 6402	RUA JOSE VICTOR DA ROSA, São José, Santa Catarina	Rua José Vítor Rosa, Barreiros, São José, Santa Catarina, Região Sul, 88117-001, Brasil			secondary
1104	ESCOLA BÁSICA MUNICIPAL VEREADORA ALBERTINA KRUMMEL MACIEL	RUA ADÉLIO LONGO, N. 675	RUA ADÉLIO LONGO, São José, Santa Catarina	Rua Adélio Longo, Fazenda Santo Antônio, Centro Histórico de São José, São José, Santa Catarina, Região Sul, 88104-400, Brasil			tertiary
1147	CENTRO EDUCACIONAL MUNICIPAL RENASCER	RUA JOSÉ ANTÔNIO PEREIRA, S/N	CENTRO EDUCACIONAL MUNICIPAL RENASCER, São José, Santa Catarina	Centro Educacional Municipal Renascer, Rua José Antônio Pereira, Real Parque, Barreiros, São José, Santa Catarina, Região Sul, 88111-490, Br			school
1155	SALÃO PAROQUIAL NOSSA SENHORA DE LOURDES	RUA HERIBERTO HULSE, S/N	RUA HERIBERTO HULSE, São José, Santa Catarina	Rua Heriberto Hülse, Jardim Santiago, Barreiros, São José, Santa Catarina, Região Sul, 88111-370, Brasil			tertiary
1163	ESCOLA DE ENSINO FUNDAMENTAL DOUTOR HOMERO DE MIRANDA GOMES	RUA OTTO JULIO MALINA, S/N	ESCOLA DE ENSINO FUNDAMENTAL DOUTOR HOMERO DE MIRANDA GOMES, São José, Santa Catarina	Escola de Ensino Fundamental Doutor Homero de Miranda Gomes, Rua Otto Júlio Malina, Ipiranga, Barreiros, São José, Santa Catarina, Região Su			school
1171	ESCOLA DE EDUCACAO BÁSICA BELA VISTA	AVENIDA BRASILIA, S/N	ESCOLA DE EDUCACAO BÁSICA BELA VISTA, São José, Santa Catarina	Escola de Educação Básica Bela Vista, Avenida Brasília, Bela Vista, Barreiros, São José, Santa Catarina, Região Sul, 88110-603, Brasil			school
1198	ESCOLA DE ENSINO FUNDAMENTAL SÃO MIGUEL	RUA MANOEL BANDEIRA, 306	RUA MANOEL BANDEIRA 306, São José, Santa Catarina	Rua Manoel Bandeira, Areias, Barreiros, São José, Santa Catarina, Região Sul, 88113-760, Brasil			residential
1201	ESCOLA DE ENSINO FUNDAMENTAL CRISTO REI	RUA ALCEU AMOROSO LIMA, S/N	ESCOLA DE ENSINO FUNDAMENTAL CRISTO REI, São José, Santa Catarina	Escola de Ensino Fundamental Cristo Rei, Rua Cristo Rei, Real Parque, Barreiros, São José, Santa Catarina, Região Sul, 88113-480, Brasil			school
1210	ESCOLA DE EDUCAÇÃO BÁSICA CECÍLIA ROSA LOPES	RUA ALAN KARDEC, N. 284	(none)	(sem resultado)			
1244	SALÃO PAROQUIAL IGREJA MATRIZ DA SANTA CRUZ	RUA INDEPENDÊNCIA, N.  972	RUA INDEPENDÊNCIA, São José, Santa Catarina	Rua Independência, Areias, Barreiros, São José, Santa Catarina, Região Sul, 88113-300, Brasil			secondary
1260	ESCOLA DE EDUCAÇÃO BÁSICA PROFESSORA LAURITA DUTRA DE SOUZA	RUA GRALHA AZUL, S/N	RUA GRALHA AZUL, São José, Santa Catarina	Rua Gralha-Azul, Picadas do Sul, Centro Histórico de São José, São José, Santa Catarina, Região Sul, 88106-260, Brasil			residential
1287	MARISTA ESCOLA SOCIAL SÃO JOSÉ	RUA NOSSA SENHORA DOS NAVEGANTES, 2302	RUA NOSSA SENHORA DOS NAVEGANTES 2302, São José, Santa Catarina	Rua Nossa Senhora dos Navegantes, Serraria, Barreiros, São José, Santa Catarina, Região Sul, 88115-273, Brasil			tertiary
1295	ESCOLA DE EDUCAÇÃO BÁSICA WANDERLEY JÚNIOR	RUA OTTO JULIO MALINA, 438	ESCOLA DE EDUCAÇÃO BÁSICA WANDERLEY JÚNIOR, São José, Santa Catarina	Escola de Educação Básica Wanderley Júnior, 438, Rua Otto Júlio Malina, Ipiranga, Barreiros, São José, Santa Catarina, Região Sul, 88111-500			school
1309	CENTRO EDUCACIONAL MUNICIPAL ARAUCÁRIA	RUA ALAÉSIO ILDEFONSO DA ROSA, S/N	CENTRO EDUCACIONAL MUNICIPAL ARAUCÁRIA, São José, Santa Catarina	Centro Educacional Municipal Araucária, Rua Alaésio Idelfonso Rosa, Serraria, Barreiros, São José, Santa Catarina, Região Sul, 88115-700, Br			school
1317	SOCIEDADE DE ENSINO SUPERIOR ESTÁCIO DE SÁ LTDA	RUA LEOBERTO LEAL, N. 431	RUA LEOBERTO LEAL, São José, Santa Catarina	Rua Leoberto Leal, São José, São Joaquim, Santa Catarina, Região Sul, 88600-000, Brasil			residential
1325	CENTRO EDUCACIONAL MUNICIPAL LUAR	RUA ADUCI ARBOEIS DO NASCIMENTO, S/N	(none)	(sem resultado)			
1333	CENTRO EDUCACIONAL INFANTIL SANTA INÊS	R. PAULO JOÃO DOS SANTOS, N. 157	R. PAULO JOÃO DOS SANTOS, São José, Santa Catarina	Rua Paulo João dos Santos, Areias, Barreiros, São José, Santa Catarina, Região Sul, 88113-290, Brasil			residential
1341	CENTRO EDUCACIONAL MUNICIPAL JARDIM SOLEMAR	R. ALVELINA MARIA DA SILVA, 2551	(none)	(sem resultado)			
1350	CENTRO EDUCACIONAL MUNICIPAL INTERATIVO	R. SÃO JORGE, S/N	CENTRO EDUCACIONAL MUNICIPAL INTERATIVO, São José, Santa Catarina	Centro Educacional Municipal Interativo Floresta, 600, Rua São Jorge, Nossa Senhora do Rosário, Barreiros, São José, Santa Catarina, Região 			school
1368	CENTRO EDUCACIONAL MUNICIPAL MORAR BEM	AV. DAS MARGARIDAS, S/N	CENTRO EDUCACIONAL MUNICIPAL MORAR BEM, São José, Santa Catarina	Centro Educacional Municipal Morar Bem, Rua das Bromélias, Serraria, Barreiros, São José, Santa Catarina, Região Sul, 88115-273, Brasil			school
1384	COLÉGIO MUNICIPAL MARIA LUIZA DE MELO	RUA JOSÉ FERMINO NOVAES - FUNDOS, S/N	(none)	(sem resultado)			
1392	ESCOLA DE EDUCAÇÃO BÁSICA PROFESSORA VALDETE LUCI MARTINS PORTO	RUA ANTÔNIO JOVITA DUARTE, N. 7038	RUA ANTÔNIO JOVITA DUARTE, São José, Santa Catarina	Rua Antônio Jovita Duarte, Alto Forquilhas, Centro Histórico de São José, São José, Santa Catarina, Região Sul, 88107-745, Brasil			tertiary
1422	ESCOLA DE ENSINO FUNDAMENTAL PROF MARCÍLIA DE OLIVEIRA	RUA FRANCISCO DE ASSIS, S/N	RUA FRANCISCO DE ASSIS, São José, Santa Catarina	Rua Francisco de Assis, Forquilhinha, Centro Histórico de São José, São José, Santa Catarina, Região Sul, 88106-600, Brasil			residential
1511	SALÃO PAROQUIAL DA IGREJA DE SANTO ANTÔNIO	RUA IRMÃOS VIEIRA, N. 4	RUA IRMÃOS VIEIRA, São José, Santa Catarina	Rua Irmãos Vieira, Campinas, São José, Santa Catarina, Região Sul, 88101-290, Brasil			secondary
1570	ESCOLA DE EDUCAÇÃO BÁSICA PROFESSOR JOAQUIM SANTIAGO	RUA ZITA ALTHOFF KOERICH, 1744	RUA ZITA ALTHOFF KOERICH 1744, São José, Santa Catarina	Rua Zita Althoff Koerich, Colônia Santana, Centro Histórico de São José, São José, Santa Catarina, Região Sul, 88123-001, Brasil			residential
1589	CENTRO EDUCACIONAL MUNICIPAL GOV. VILSON KLEINUBING	AVENIDA LISBOA, S/N QUADRA 5	AVENIDA LISBOA, São José, Santa Catarina	Avenida Lisboa, Parque Residencial Lisboa, Forquilhas Leste, Centro Histórico de São José, São José, Santa Catarina, Região Sul, 88107-422, 			tertiary
1597	INSTITUTO FEDERAL DE SANTA CATARINA - CAMPUS SÃO JOSÉ/SC	RUA JOSÉ LINO KRETZER, N. 608	INSTITUTO FEDERAL DE SANTA CATARINA - CAMPUS SÃO JOSÉ/SC, São José, Santa Catarina	Instituto Federal de Santa Catarina, 608, Rua José Lino Kretzer, Centro Histórico, Centro Histórico de São José, São José, Santa Catarina, R			university
1600	CENTRO EDUCACIONAL MUNICIPAL MARIA HORTÊNCIA PEREIRA FURTADO	RUA CARLOS ALBERTO RUCK, S/N	RUA CARLOS ALBERTO RUCK, São José, Santa Catarina	Rua Carlos Alberto Ruck, Potecas, Centro Histórico de São José, São José, Santa Catarina, Região Sul, 88119-057, Brasil			residential
1619	CENTRO EDUCACIONAL MUNICIPAL ANTÔNIO FRANCISCO MACHADO	RUA PEDRO PAULO DE ABREU, S/N.	RUA PEDRO PAULO DE ABREU, São José, Santa Catarina	Rua Pedro Paulo de Abreu, Forquilhinha, Centro Histórico de São José, São José, Santa Catarina, Região Sul, 88106-517, Brasil			residential
1627	CENTRO DE EDUCAÇÃO INFANTIL SANTO ANTÔNIO	R. NEREU NETO CAPISTRANO, S/N	CENTRO DE EDUCAÇÃO INFANTIL SANTO ANTÔNIO, São José, Santa Catarina	Creche Santo Antônio, Rua Arnoldo Silveira de Souza, Fazenda Santo Antônio, Centro Histórico de São José, São José, Santa Catarina, Região S			kindergarten
1635	CENTRO EDUCACIONAL MUNICIPAL SANTA TEREZINHA	R. FRANCISCO IGNACIO NASCIMENTO, S/N	CENTRO EDUCACIONAL MUNICIPAL SANTA TEREZINHA, São José, Santa Catarina	Centro Educacional Municipal Santa Terezinha, Rua Francisco Ignácio do Nascimento, Potecas, Centro Histórico de São José, São José, Santa Ca			school
1643	CEI PROF. ANTÔNIO JOAQUIM DE SOUZA	AV. LISBOA - QUADRA 5	(none)	(sem resultado)			
1651	CENTRO EDUCACIONAL MUNICIPAL SEBASTIÃO CORRÊA	AV. CENIRO LUIZ RIBEIRO MARTINS, 429.	AV. CENIRO LUIZ RIBEIRO MARTINS, São José, Santa Catarina	Avenida Ceniro Luiz Ribeiro Martins, Parque Residencial Lisboa, Forquilhas Leste, Centro Histórico de São José, São José, Santa Catarina, Re			tertiary
1660	ESCOLA DE EDUCAÇÃO BÁSICA PROF MARIA JOSÉ BARBOSA VIEIRA	RUA JOAQUIM VAZ, 1413.	ESCOLA DE EDUCAÇÃO BÁSICA PROF MARIA JOSÉ BARBOSA VIEIRA, São José, Santa Catarina	Escola de Educação Básica Professora Maria José Barbosa Vieira, 1413, Rua Joaquim Vaz, Praia Comprida, Centro Histórico de São José, São Jos			school
1686	CENTRO EDUCACIONAL MUNICIPAL SANTA ANA	RUA ENGELBERTO KOERICH, 30.	(none)	(sem resultado)			
1708	FACULDADE ANHANGUERA	RUA LUIZ FAGUNDES	RUA LUIZ FAGUNDES, São José, Santa Catarina	Rua Luiz Fagundes, Picadas do Sul, Centro Histórico de São José, São José, Santa Catarina, Região Sul, 88106-160, Brasil			secondary
1716	ESCOLA PROFISSIONAL DE CAMPINAS	AV ALTAMIRO DI BERNARDI, 365.	(none)	(sem resultado)			
1724	CEI ONDINA SCHMIDT GERLACH	RUA CELSO JOAQUIM DA SILVA, 02.	(none)	(sem resultado)			
1732	COLÉGIO VOCAÇÃO	RUA PONTE DE LIMA	RUA PONTE DE LIMA, São José, Santa Catarina	Rua Ponte de Lima, Parque Residencial Lisboa, Forquilhas Leste, Centro Histórico de São José, São José, Santa Catarina, Região Sul, 88107-42			residential
1740	COLÉGIO GARDNER	RUA JOSÉ GONZAGA REGINA LIMA, 110.	COLÉGIO GARDNER, São José, Santa Catarina	Colégio Gardner, 110, Rua Koesa, Kobrasol, Campinas, São José, Santa Catarina, Região Sul, 88102-250, Brasil			school
1759	SALÃO PAROQUIAL DA IGREJA SÃO FRANCISCO E SANTA RITA	RUA SILVA MARIA FABRO	(none)	(sem resultado)			
