ano;turno;local;nome;zona;secao;aptos;comparecimento;esquerda;direita;centro;esq3;dir3;branco_nulo;total;margem_esq_pp;esq_sobre_LpR_pct;polarizacao_LpR_sobre_T_pct
2018;1;1368;EEB Intendente José Fernandes;100;102;395;324;44;174;53;7;11;35;324;-59.6;20.2;67.3
2018;1;1368;EEB Intendente José Fernandes;100;103;396;328;31;168;75;4;12;38;328;-68.8;15.6;60.7
2018;1;1368;EEB Intendente José Fernandes;100;104;396;328;48;174;57;3;13;33;328;-56.8;21.6;67.7
2018;1;1368;EEB Intendente José Fernandes;100;134;396;317;28;170;65;9;15;30;317;-71.7;14.1;62.5
2018;1;1368;EEB Intendente José Fernandes;100;153;395;333;53;173;57;4;16;30;333;-53.1;23.5;67.9
2018;1;1368;EEB Intendente José Fernandes;100;160;392;314;34;183;53;5;17;22;314;-68.7;15.7;69.1
2018;1;1368;EEB Intendente José Fernandes;100;170;396;321;48;174;53;4;12;30;321;-56.8;21.6;69.2
2018;1;1368;EEB Intendente José Fernandes;100;182;397;327;45;173;66;4;8;31;327;-58.7;20.6;66.7
2018;1;1368;EEB Intendente José Fernandes;100;213;391;310;49;159;49;9;13;31;310;-52.9;23.6;67.1
2018;1;1368;EEB Intendente José Fernandes;100;274;393;315;38;175;54;5;13;30;315;-64.3;17.8;67.6
2018;1;1368;EEB Intendente José Fernandes;100;289;398;325;36;176;68;8;16;21;325;-66.0;17.0;65.2
2018;1;1368;EEB Intendente José Fernandes;100;334;397;319;37;169;70;7;18;18;319;-64.1;18.0;64.6
2018;1;1368;EEB Intendente José Fernandes;100;343;396;286;40;152;48;3;19;24;286;-58.3;20.8;67.1
2018;1;1368;EEB Intendente José Fernandes;100;361;397;274;46;139;45;4;15;25;274;-50.3;24.9;67.5
2018;1;1368;EEB Intendente José Fernandes;100;374;394;318;48;150;64;1;7;48;318;-51.5;24.2;62.3
2018;1;1368;EEB Intendente José Fernandes;100;383;394;310;42;158;53;7;14;36;310;-58.0;21.0;64.5
2018;1;1368;EEB Intendente José Fernandes;100;395;398;283;45;134;58;1;10;35;283;-49.7;25.1;63.3
2018;1;1368;EEB Intendente José Fernandes;100;402;398;273;51;142;40;0;11;29;273;-47.2;26.4;70.7
2018;1;1376;NEIM Gentil Mathias da Silva;100;105;361;278;39;153;48;11;10;17;278;-59.4;20.3;69.1
2018;1;1376;NEIM Gentil Mathias da Silva;100;106;363;298;34;165;57;8;13;21;298;-65.8;17.1;66.8
2018;1;1376;NEIM Gentil Mathias da Silva;100;107;358;294;34;149;72;5;13;21;294;-62.8;18.6;62.2
2018;1;1376;NEIM Gentil Mathias da Silva;100;108;365;282;37;150;59;4;10;22;282;-60.4;19.8;66.3
2018;1;1376;NEIM Gentil Mathias da Silva;100;143;359;282;26;156;47;9;21;23;282;-71.4;14.3;64.5
2018;1;1376;NEIM Gentil Mathias da Silva;100;151;358;280;42;144;58;3;8;25;280;-54.8;22.6;66.4
2018;1;1376;NEIM Gentil Mathias da Silva;100;159;360;282;42;152;54;1;16;17;282;-56.7;21.6;68.8
2018;1;1376;NEIM Gentil Mathias da Silva;100;166;359;274;44;138;59;4;15;14;274;-51.6;24.2;66.4
2018;1;1376;NEIM Gentil Mathias da Silva;100;178;360;293;51;143;65;3;14;17;293;-47.4;26.3;66.2
2018;1;1503;EEB de Muquém;100;193;398;333;65;164;54;8;13;29;333;-43.2;28.4;68.8
2018;1;1503;EEB de Muquém;100;224;395;332;60;156;65;5;11;35;332;-44.4;27.8;65.1
2018;1;1503;EEB de Muquém;100;284;396;315;50;155;66;4;12;28;315;-51.2;24.4;65.1
2018;1;1503;EEB de Muquém;100;339;398;311;41;140;68;7;19;36;311;-54.7;22.7;58.2
2018;1;1503;EEB de Muquém;100;371;394;330;45;170;62;2;17;34;330;-58.1;20.9;65.2
2018;1;1503;EEB de Muquém;100;408;396;295;44;134;71;6;11;29;295;-50.6;24.7;60.3
2018;1;1562;Colégio Santa Terezinha;100;188;400;313;31;168;73;4;18;19;313;-68.8;15.6;63.6
2018;1;1562;Colégio Santa Terezinha;100;211;400;328;34;175;65;5;23;26;328;-67.5;16.3;63.7
2018;1;1562;Colégio Santa Terezinha;100;215;400;319;33;168;61;8;24;25;319;-67.2;16.4;63.0
2018;1;1562;Colégio Santa Terezinha;100;222;399;336;35;180;69;3;29;20;336;-67.4;16.3;64.0
2018;1;1562;Colégio Santa Terezinha;100;230;400;325;29;187;62;6;17;24;325;-73.1;13.4;66.5
2018;1;1562;Colégio Santa Terezinha;100;239;398;312;28;179;57;2;25;21;312;-72.9;13.5;66.3
2018;1;1562;Colégio Santa Terezinha;100;300;399;319;27;184;81;2;18;7;319;-74.4;12.8;66.1
2018;1;1562;Colégio Santa Terezinha;100;308;400;333;43;181;75;6;17;11;333;-61.6;19.2;67.3
2018;1;1562;Colégio Santa Terezinha;100;350;400;309;36;171;64;5;20;13;309;-65.2;17.4;67.0
2018;1;1562;Colégio Santa Terezinha;100;367;400;332;34;196;55;4;20;23;332;-70.4;14.8;69.3
2018;1;1562;Colégio Santa Terezinha;100;378;398;303;37;175;54;4;15;18;303;-65.1;17.5;70.0
2018;1;1562;Colégio Santa Terezinha;100;388;400;315;19;191;68;5;23;9;315;-81.9;9.0;66.7
2018;1;1562;Colégio Santa Terezinha;100;422;400;345;34;188;79;6;23;15;345;-69.4;15.3;64.3
2018;1;1600;Centro Educacional Universo;100;233;395;337;32;185;69;7;25;19;337;-70.5;14.7;64.4
2018;1;1600;Centro Educacional Universo;100;253;396;334;37;177;68;8;17;27;334;-65.4;17.3;64.1
2018;1;1600;Centro Educacional Universo;100;263;396;335;37;171;69;7;24;27;335;-64.4;17.8;62.1
2018;1;1600;Centro Educacional Universo;100;268;396;322;30;175;68;4;23;22;322;-70.7;14.6;63.7
2018;1;1600;Centro Educacional Universo;100;283;392;320;20;196;53;5;19;27;320;-81.5;9.3;67.5
2018;1;1600;Centro Educacional Universo;100;298;394;306;28;172;51;5;23;27;306;-72.0;14.0;65.4
2018;1;1600;Centro Educacional Universo;100;320;394;328;31;177;81;0;18;21;328;-70.2;14.9;63.4
2018;1;1600;Centro Educacional Universo;100;351;395;321;28;187;71;4;17;14;321;-74.0;13.0;67.0
2018;1;1600;Centro Educacional Universo;100;396;398;310;36;153;68;8;21;24;310;-61.9;19.0;61.0
2018;1;1600;Centro Educacional Universo;100;405;396;326;47;191;45;6;18;19;326;-60.5;19.7;73.0
2018;1;1643;EBM Maria Tomazia Coelho (Santinho);100;100;381;306;27;179;53;4;11;32;306;-73.8;13.1;67.3
2018;1;1643;EBM Maria Tomazia Coelho (Santinho);100;101;379;329;22;187;70;4;21;25;329;-78.9;10.5;63.5
2018;1;1643;EBM Maria Tomazia Coelho (Santinho);100;162;386;310;27;174;66;1;19;23;310;-73.1;13.4;64.8
2018;1;1643;EBM Maria Tomazia Coelho (Santinho);100;217;380;307;22;178;69;2;19;17;307;-78.0;11.0;65.1
2018;1;1643;EBM Maria Tomazia Coelho (Santinho);100;250;375;299;30;167;52;6;23;21;299;-69.5;15.2;65.9
2018;1;1643;EBM Maria Tomazia Coelho (Santinho);100;292;378;323;37;164;59;5;30;28;323;-63.2;18.4;62.2
2018;1;1643;EBM Maria Tomazia Coelho (Santinho);100;333;378;297;38;145;69;4;16;25;297;-58.5;20.8;61.6
2018;1;1643;EBM Maria Tomazia Coelho (Santinho);100;394;377;299;21;163;63;2;25;25;299;-77.2;11.4;61.5
2018;1;1678;EBM Antônio Paschoal Apóstolo (Capivari);100;264;393;314;48;151;56;6;18;35;314;-51.8;24.1;63.4
2018;1;1678;EBM Antônio Paschoal Apóstolo (Capivari);100;287;396;306;49;127;69;6;21;34;306;-44.3;27.8;57.5
2018;1;1678;EBM Antônio Paschoal Apóstolo (Capivari);100;305;397;313;31;142;78;9;20;33;313;-64.2;17.9;55.3
2018;1;1678;EBM Antônio Paschoal Apóstolo (Capivari);100;319;396;292;45;119;73;5;19;31;292;-45.1;27.4;56.2
2018;1;1678;EBM Antônio Paschoal Apóstolo (Capivari);100;332;396;314;51;140;68;5;18;32;314;-46.6;26.7;60.8
2018;1;1678;EBM Antônio Paschoal Apóstolo (Capivari);100;355;393;291;38;129;67;8;12;37;291;-54.5;22.8;57.4
2018;1;1678;EBM Antônio Paschoal Apóstolo (Capivari);100;372;395;326;33;160;72;4;20;37;326;-65.8;17.1;59.2
2018;1;1678;EBM Antônio Paschoal Apóstolo (Capivari);100;417;396;273;29;140;52;8;18;26;273;-65.7;17.2;61.9
2018;1;1678;EBM Antônio Paschoal Apóstolo (Capivari);100;423;109;87;16;38;20;1;7;5;87;-40.7;29.6;62.1
2018;1;1686;Anexo EEB Intendente José Fernandes (Capivari);100;299;355;290;26;168;49;2;11;34;290;-73.2;13.4;66.9
2018;1;1686;Anexo EEB Intendente José Fernandes (Capivari);100;310;389;319;55;151;70;3;14;26;319;-46.6;26.7;64.6
2018;1;1686;Anexo EEB Intendente José Fernandes (Capivari);100;328;359;286;38;156;57;6;13;16;286;-60.8;19.6;67.8
2018;1;1686;Anexo EEB Intendente José Fernandes (Capivari);100;381;391;307;32;172;52;7;16;28;307;-68.6;15.7;66.4
2018;1;1686;Anexo EEB Intendente José Fernandes (Capivari);100;410;351;280;43;137;56;2;16;26;280;-52.2;23.9;64.3
2018;1;1732;EBM Herondina Medeiros Zeferino;100;232;396;299;41;170;51;9;9;19;299;-61.1;19.4;70.6
2018;1;1732;EBM Herondina Medeiros Zeferino;100;270;396;298;39;158;63;4;13;21;298;-60.4;19.8;66.1
2018;1;1732;EBM Herondina Medeiros Zeferino;100;336;397;295;35;151;63;5;16;25;295;-62.4;18.8;63.1
2018;1;1732;EBM Herondina Medeiros Zeferino;100;345;394;313;46;170;56;7;13;21;313;-57.4;21.3;69.0
2018;1;1732;EBM Herondina Medeiros Zeferino;100;376;399;313;37;177;58;2;11;28;313;-65.4;17.3;68.4
2018;1;1732;EBM Herondina Medeiros Zeferino;100;398;444;332;38;156;75;5;34;24;332;-60.8;19.6;58.4
2018;1;1732;EBM Herondina Medeiros Zeferino;100;406;397;269;42;136;56;3;11;21;269;-52.8;23.6;66.2
2018;1;1732;EBM Herondina Medeiros Zeferino;100;411;395;277;33;124;66;2;23;29;277;-58.0;21.0;56.7
2018;2;1368;EEB Intendente José Fernandes;100;102;395;339;94;217;0;0;0;28;339;-39.5;30.2;91.7
2018;2;1368;EEB Intendente José Fernandes;100;103;396;331;74;224;0;0;0;33;331;-50.3;24.8;90.0
2018;2;1368;EEB Intendente José Fernandes;100;104;396;323;81;201;0;0;0;41;323;-42.6;28.7;87.3
2018;2;1368;EEB Intendente José Fernandes;100;134;395;325;99;198;0;0;0;28;325;-33.3;33.3;91.4
2018;2;1368;EEB Intendente José Fernandes;100;153;395;334;99;203;0;0;0;32;334;-34.4;32.8;90.4
2018;2;1368;EEB Intendente José Fernandes;100;160;392;315;87;204;0;0;0;24;315;-40.2;29.9;92.4
2018;2;1368;EEB Intendente José Fernandes;100;170;396;320;97;193;0;0;0;30;320;-33.1;33.4;90.6
2018;2;1368;EEB Intendente José Fernandes;100;182;397;323;88;207;0;0;0;28;323;-40.3;29.8;91.3
2018;2;1368;EEB Intendente José Fernandes;100;213;391;313;103;187;0;0;0;23;313;-29.0;35.5;92.7
2018;2;1368;EEB Intendente José Fernandes;100;274;393;311;88;196;0;0;0;27;311;-38.0;31.0;91.3
2018;2;1368;EEB Intendente José Fernandes;100;289;398;313;98;198;0;0;0;17;313;-33.8;33.1;94.6
2018;2;1368;EEB Intendente José Fernandes;100;334;397;316;98;191;0;0;0;27;316;-32.2;33.9;91.5
2018;2;1368;EEB Intendente José Fernandes;100;343;396;277;82;174;0;0;0;21;277;-35.9;32.0;92.4
2018;2;1368;EEB Intendente José Fernandes;100;361;397;277;92;163;0;0;0;22;277;-27.8;36.1;92.1
2018;2;1368;EEB Intendente José Fernandes;100;374;394;318;109;176;0;0;0;33;318;-23.5;38.2;89.6
2018;2;1368;EEB Intendente José Fernandes;100;383;394;316;91;187;0;0;0;38;316;-34.5;32.7;88.0
2018;2;1368;EEB Intendente José Fernandes;100;395;398;295;111;155;0;0;0;29;295;-16.5;41.7;90.2
2018;2;1368;EEB Intendente José Fernandes;100;402;398;270;85;169;0;0;0;16;270;-33.1;33.5;94.1
2018;2;1376;NEIM Gentil Mathias da Silva;100;105;361;281;82;176;0;0;0;23;281;-36.4;31.8;91.8
2018;2;1376;NEIM Gentil Mathias da Silva;100;106;363;304;77;199;0;0;0;28;304;-44.2;27.9;90.8
2018;2;1376;NEIM Gentil Mathias da Silva;100;107;358;294;75;188;0;0;0;31;294;-43.0;28.5;89.5
2018;2;1376;NEIM Gentil Mathias da Silva;100;108;365;288;77;188;0;0;0;23;288;-41.9;29.1;92.0
2018;2;1376;NEIM Gentil Mathias da Silva;100;143;359;273;73;171;0;0;0;29;273;-40.2;29.9;89.4
2018;2;1376;NEIM Gentil Mathias da Silva;100;151;357;269;82;159;0;0;0;28;269;-32.0;34.0;89.6
2018;2;1376;NEIM Gentil Mathias da Silva;100;159;360;282;84;174;0;0;0;24;282;-34.9;32.6;91.5
2018;2;1376;NEIM Gentil Mathias da Silva;100;166;359;265;80;159;0;0;0;26;265;-33.1;33.5;90.2
2018;2;1376;NEIM Gentil Mathias da Silva;100;178;360;278;101;156;0;0;0;21;278;-21.4;39.3;92.4
2018;2;1503;EEB de Muquém;100;193;398;330;115;189;0;0;0;26;330;-24.3;37.8;92.1
2018;2;1503;EEB de Muquém;100;224;395;331;106;187;0;0;0;38;331;-27.6;36.2;88.5
2018;2;1503;EEB de Muquém;100;284;396;329;106;202;0;0;0;21;329;-31.2;34.4;93.6
2018;2;1503;EEB de Muquém;100;339;398;310;110;172;0;0;0;28;310;-22.0;39.0;91.0
2018;2;1503;EEB de Muquém;100;371;394;330;97;203;0;0;0;30;330;-35.3;32.3;90.9
2018;2;1503;EEB de Muquém;100;408;396;297;109;168;0;0;0;20;297;-21.3;39.4;93.3
2018;2;1562;Colégio Santa Terezinha;100;188;400;304;93;190;0;0;0;21;304;-34.3;32.9;93.1
2018;2;1562;Colégio Santa Terezinha;100;211;400;320;86;203;0;0;0;31;320;-40.5;29.8;90.3
2018;2;1562;Colégio Santa Terezinha;100;215;400;329;91;201;0;0;0;37;329;-37.7;31.2;88.8
2018;2;1562;Colégio Santa Terezinha;100;222;397;330;88;212;0;0;0;30;330;-41.3;29.3;90.9
2018;2;1562;Colégio Santa Terezinha;100;230;399;326;85;211;0;0;0;30;326;-42.6;28.7;90.8
2018;2;1562;Colégio Santa Terezinha;100;239;397;315;78;213;0;0;0;24;315;-46.4;26.8;92.4
2018;2;1562;Colégio Santa Terezinha;100;300;399;315;88;206;0;0;0;21;315;-40.1;29.9;93.3
2018;2;1562;Colégio Santa Terezinha;100;308;399;321;103;195;0;0;0;23;321;-30.9;34.6;92.8
2018;2;1562;Colégio Santa Terezinha;100;350;400;318;103;200;0;0;0;15;318;-32.0;34.0;95.3
2018;2;1562;Colégio Santa Terezinha;100;367;398;321;72;218;0;0;0;31;321;-50.3;24.8;90.3
2018;2;1562;Colégio Santa Terezinha;100;378;397;301;77;206;0;0;0;18;301;-45.6;27.2;94.0
2018;2;1562;Colégio Santa Terezinha;100;388;399;315;69;225;0;0;0;21;315;-53.1;23.5;93.3
2018;2;1562;Colégio Santa Terezinha;100;422;400;343;103;211;0;0;0;29;343;-34.4;32.8;91.5
2018;2;1600;Centro Educacional Universo;100;233;395;322;81;217;0;0;0;24;322;-45.6;27.2;92.5
2018;2;1600;Centro Educacional Universo;100;253;396;326;100;198;0;0;0;28;326;-32.9;33.6;91.4
2018;2;1600;Centro Educacional Universo;100;263;397;330;102;196;0;0;0;32;330;-31.5;34.2;90.3
2018;2;1600;Centro Educacional Universo;100;268;396;322;92;198;0;0;0;32;322;-36.6;31.7;90.1
2018;2;1600;Centro Educacional Universo;100;283;392;320;67;227;0;0;0;26;320;-54.4;22.8;91.9
2018;2;1600;Centro Educacional Universo;100;298;394;304;77;202;0;0;0;25;304;-44.8;27.6;91.8
2018;2;1600;Centro Educacional Universo;100;320;394;328;102;207;0;0;0;19;328;-34.0;33.0;94.2
2018;2;1600;Centro Educacional Universo;100;351;395;307;84;200;0;0;0;23;307;-40.8;29.6;92.5
2018;2;1600;Centro Educacional Universo;100;396;399;308;100;181;0;0;0;27;308;-28.8;35.6;91.2
2018;2;1600;Centro Educacional Universo;100;405;396;326;92;209;0;0;0;25;326;-38.9;30.6;92.3
2018;2;1643;EBM Maria Tomazia Coelho (Santinho);100;100;381;310;66;214;0;0;0;30;310;-52.9;23.6;90.3
2018;2;1643;EBM Maria Tomazia Coelho (Santinho);100;101;379;316;83;210;0;0;0;23;316;-43.3;28.3;92.7
2018;2;1643;EBM Maria Tomazia Coelho (Santinho);100;162;379;305;92;187;0;0;0;26;305;-34.1;33.0;91.5
2018;2;1643;EBM Maria Tomazia Coelho (Santinho);100;217;380;304;67;209;0;0;0;28;304;-51.4;24.3;90.8
2018;2;1643;EBM Maria Tomazia Coelho (Santinho);100;250;375;297;87;189;0;0;0;21;297;-37.0;31.5;92.9
2018;2;1643;EBM Maria Tomazia Coelho (Santinho);100;292;379;315;84;196;0;0;0;35;315;-40.0;30.0;88.9
2018;2;1643;EBM Maria Tomazia Coelho (Santinho);100;333;378;286;94;159;0;0;0;33;286;-25.7;37.2;88.5
2018;2;1643;EBM Maria Tomazia Coelho (Santinho);100;394;377;294;77;190;0;0;0;27;294;-42.3;28.8;90.8
2018;2;1678;EBM Antônio Paschoal Apóstolo (Capivari);100;264;393;318;113;177;0;0;0;28;318;-22.1;39.0;91.2
2018;2;1678;EBM Antônio Paschoal Apóstolo (Capivari);100;287;395;311;117;159;0;0;0;35;311;-15.2;42.4;88.7
2018;2;1678;EBM Antônio Paschoal Apóstolo (Capivari);100;305;397;306;115;161;0;0;0;30;306;-16.7;41.7;90.2
2018;2;1678;EBM Antônio Paschoal Apóstolo (Capivari);100;319;396;288;108;150;0;0;0;30;288;-16.3;41.9;89.6
2018;2;1678;EBM Antônio Paschoal Apóstolo (Capivari);100;332;396;315;112;174;0;0;0;29;315;-21.7;39.2;90.8
2018;2;1678;EBM Antônio Paschoal Apóstolo (Capivari);100;355;394;290;112;142;0;0;0;36;290;-11.8;44.1;87.6
2018;2;1678;EBM Antônio Paschoal Apóstolo (Capivari);100;372;394;325;96;188;0;0;0;41;325;-32.4;33.8;87.4
2018;2;1678;EBM Antônio Paschoal Apóstolo (Capivari);100;417;397;282;85;167;0;0;0;30;282;-32.5;33.7;89.4
2018;2;1678;EBM Antônio Paschoal Apóstolo (Capivari);100;423;109;96;44;46;0;0;0;6;96;-2.2;48.9;93.8
2018;2;1686;Anexo EEB Intendente José Fernandes (Capivari);100;299;355;291;69;195;0;0;0;27;291;-47.7;26.1;90.7
2018;2;1686;Anexo EEB Intendente José Fernandes (Capivari);100;310;387;313;113;177;0;0;0;23;313;-22.1;39.0;92.7
2018;2;1686;Anexo EEB Intendente José Fernandes (Capivari);100;328;359;279;73;183;0;0;0;23;279;-43.0;28.5;91.8
2018;2;1686;Anexo EEB Intendente José Fernandes (Capivari);100;381;391;316;78;210;0;0;0;28;316;-45.8;27.1;91.1
2018;2;1686;Anexo EEB Intendente José Fernandes (Capivari);100;410;353;270;84;152;0;0;0;34;270;-28.8;35.6;87.4
2018;2;1732;EBM Herondina Medeiros Zeferino;100;232;396;306;89;196;0;0;0;21;306;-37.5;31.2;93.1
2018;2;1732;EBM Herondina Medeiros Zeferino;100;270;396;294;86;181;0;0;0;27;294;-35.6;32.2;90.8
2018;2;1732;EBM Herondina Medeiros Zeferino;100;336;397;286;84;165;0;0;0;37;286;-32.5;33.7;87.1
2018;2;1732;EBM Herondina Medeiros Zeferino;100;345;395;319;101;188;0;0;0;30;319;-30.1;34.9;90.6
2018;2;1732;EBM Herondina Medeiros Zeferino;100;376;399;304;80;203;0;0;0;21;304;-43.5;28.3;93.1
2018;2;1732;EBM Herondina Medeiros Zeferino;100;398;444;339;119;197;0;0;0;23;339;-24.7;37.7;93.2
2018;2;1732;EBM Herondina Medeiros Zeferino;100;406;397;268;89;158;0;0;0;21;268;-27.9;36.0;92.2
2018;2;1732;EBM Herondina Medeiros Zeferino;100;411;395;270;105;132;0;0;0;33;270;-11.4;44.3;87.8
2022;1;1368;EEB Intendente José Fernandes;100;102;376;293;89;160;23;0;0;21;293;-28.5;35.7;85.0
2022;1;1368;EEB Intendente José Fernandes;100;103;374;289;85;167;25;0;0;12;289;-32.5;33.7;87.2
2022;1;1368;EEB Intendente José Fernandes;100;104;374;286;103;141;26;0;0;16;286;-15.6;42.2;85.3
2022;1;1368;EEB Intendente José Fernandes;100;134;371;287;98;152;23;0;0;14;287;-21.6;39.2;87.1
2022;1;1368;EEB Intendente José Fernandes;100;153;370;300;114;146;25;0;0;15;300;-12.3;43.8;86.7
2022;1;1368;EEB Intendente José Fernandes;100;160;373;284;94;165;20;0;0;5;284;-27.4;36.3;91.2
2022;1;1368;EEB Intendente José Fernandes;100;170;374;304;107;156;25;0;0;16;304;-18.6;40.7;86.5
2022;1;1368;EEB Intendente José Fernandes;100;182;377;303;110;152;29;0;0;12;303;-16.0;42.0;86.5
2022;1;1368;EEB Intendente José Fernandes;100;213;368;291;112;146;26;0;0;7;291;-13.2;43.4;88.7
2022;1;1368;EEB Intendente José Fernandes;100;274;373;278;91;153;25;0;0;9;278;-25.4;37.3;87.8
2022;1;1368;EEB Intendente José Fernandes;100;289;375;288;116;144;22;0;0;6;288;-10.8;44.6;90.3
2022;1;1368;EEB Intendente José Fernandes;100;334;373;289;119;131;26;0;0;13;289;-4.8;47.6;86.5
2022;1;1368;EEB Intendente José Fernandes;100;343;369;265;99;140;20;0;0;6;265;-17.2;41.4;90.2
2022;1;1368;EEB Intendente José Fernandes;100;361;371;265;103;127;23;0;0;12;265;-10.4;44.8;86.8
2022;1;1368;EEB Intendente José Fernandes;100;374;371;295;114;134;31;0;0;16;295;-8.1;46.0;84.1
2022;1;1368;EEB Intendente José Fernandes;100;383;371;293;115;137;27;0;0;14;293;-8.7;45.6;86.0
2022;1;1368;EEB Intendente José Fernandes;100;395;365;249;122;100;17;0;0;10;249;9.9;55.0;89.2
2022;1;1368;EEB Intendente José Fernandes;100;402;370;266;100;138;19;0;0;9;266;-16.0;42.0;89.5
2022;1;1376;NEIM Gentil Mathias da Silva;100;105;399;299;116;145;30;0;0;8;299;-11.1;44.4;87.3
2022;1;1376;NEIM Gentil Mathias da Silva;100;106;397;318;97;171;35;0;0;15;318;-27.6;36.2;84.3
2022;1;1376;NEIM Gentil Mathias da Silva;100;107;400;319;107;164;39;0;0;9;319;-21.0;39.5;85.0
2022;1;1376;NEIM Gentil Mathias da Silva;100;108;399;309;116;135;43;0;0;15;309;-7.6;46.2;81.2
2022;1;1376;NEIM Gentil Mathias da Silva;100;143;399;321;115;169;26;0;0;11;321;-19.0;40.5;88.5
2022;1;1376;NEIM Gentil Mathias da Silva;100;151;400;288;107;153;21;0;0;7;288;-17.7;41.2;90.3
2022;1;1376;NEIM Gentil Mathias da Silva;100;159;400;304;121;146;27;0;0;10;304;-9.4;45.3;87.8
2022;1;1376;NEIM Gentil Mathias da Silva;100;166;400;302;117;141;33;0;0;11;302;-9.3;45.3;85.4
2022;1;1376;NEIM Gentil Mathias da Silva;100;178;400;317;121;151;35;0;0;10;317;-11.0;44.5;85.8
2022;1;1503;EEB de Muquém;100;193;396;327;126;163;24;0;0;14;327;-12.8;43.6;88.4
2022;1;1503;EEB de Muquém;100;224;399;323;141;139;26;0;0;17;323;0.7;50.4;86.7
2022;1;1503;EEB de Muquém;100;284;399;309;136;142;24;0;0;7;309;-2.2;48.9;90.0
2022;1;1503;EEB de Muquém;100;339;398;298;127;122;30;0;0;19;298;2.0;51.0;83.6
2022;1;1503;EEB de Muquém;100;371;399;329;127;155;26;0;0;21;329;-9.9;45.0;85.7
2022;1;1503;EEB de Muquém;100;408;396;291;134;124;24;0;0;9;291;3.9;51.9;88.7
2022;1;1503;EEB de Muquém;100;433;397;323;165;118;32;0;0;8;323;16.6;58.3;87.6
2022;1;1503;EEB de Muquém;100;451;397;355;196;120;32;0;0;7;355;24.1;62.0;89.0
2022;1;1503;EEB de Muquém;100;468;396;345;186;123;24;0;0;12;345;20.4;60.2;89.6
2022;1;1562;Colégio Santa Terezinha;100;188;402;280;97;145;27;0;0;11;280;-19.8;40.1;86.4
2022;1;1562;Colégio Santa Terezinha;100;211;403;321;117;154;40;0;0;10;321;-13.7;43.2;84.4
2022;1;1562;Colégio Santa Terezinha;100;215;399;307;102;164;29;0;0;12;307;-23.3;38.3;86.6
2022;1;1562;Colégio Santa Terezinha;100;222;398;322;100;171;34;0;0;17;322;-26.2;36.9;84.2
2022;1;1562;Colégio Santa Terezinha;100;230;402;316;113;159;35;0;0;9;316;-16.9;41.5;86.1
2022;1;1562;Colégio Santa Terezinha;100;239;400;304;97;162;27;0;0;18;304;-25.1;37.5;85.2
2022;1;1562;Colégio Santa Terezinha;100;300;397;317;98;173;37;0;0;9;317;-27.7;36.2;85.5
2022;1;1562;Colégio Santa Terezinha;100;308;397;307;97;176;28;0;0;6;307;-28.9;35.5;88.9
2022;1;1562;Colégio Santa Terezinha;100;350;399;306;123;149;26;0;0;8;306;-9.6;45.2;88.9
2022;1;1562;Colégio Santa Terezinha;100;367;401;318;101;169;39;0;0;9;318;-25.2;37.4;84.9
2022;1;1562;Colégio Santa Terezinha;100;378;400;303;98;168;31;0;0;6;303;-26.3;36.8;87.8
2022;1;1562;Colégio Santa Terezinha;100;388;401;313;92;180;34;0;0;7;313;-32.4;33.8;86.9
2022;1;1562;Colégio Santa Terezinha;100;422;401;298;123;146;24;0;0;5;298;-8.6;45.7;90.3
2022;1;1600;Centro Educacional Universo;100;233;367;276;85;154;30;0;0;7;276;-28.9;35.6;86.6
2022;1;1600;Centro Educacional Universo;100;253;375;295;96;150;36;0;0;13;295;-22.0;39.0;83.4
2022;1;1600;Centro Educacional Universo;100;263;372;299;101;152;34;0;0;12;299;-20.2;39.9;84.6
2022;1;1600;Centro Educacional Universo;100;268;365;291;101;149;30;0;0;11;291;-19.2;40.4;85.9
2022;1;1600;Centro Educacional Universo;100;283;371;277;78;161;26;0;0;12;277;-34.7;32.6;86.3
2022;1;1600;Centro Educacional Universo;100;298;364;272;85;155;25;0;0;7;272;-29.2;35.4;88.2
2022;1;1600;Centro Educacional Universo;100;320;367;280;106;139;30;0;0;5;280;-13.5;43.3;87.5
2022;1;1600;Centro Educacional Universo;100;351;365;286;101;148;31;0;0;6;286;-18.9;40.6;87.1
2022;1;1600;Centro Educacional Universo;100;396;373;285;119;119;39;0;0;8;285;0.0;50.0;83.5
2022;1;1600;Centro Educacional Universo;100;405;371;273;88;156;22;0;0;7;273;-27.9;36.1;89.4
2022;1;1643;EBM Maria Tomazia Coelho (Santinho);100;100;401;296;93;150;42;0;0;11;296;-23.5;38.3;82.1
2022;1;1643;EBM Maria Tomazia Coelho (Santinho);100;101;400;327;102;174;34;0;0;17;327;-26.1;37.0;84.4
2022;1;1643;EBM Maria Tomazia Coelho (Santinho);100;162;399;307;115;148;30;0;0;14;307;-12.5;43.7;85.7
2022;1;1643;EBM Maria Tomazia Coelho (Santinho);100;217;400;323;100;170;39;0;0;14;323;-25.9;37.0;83.6
2022;1;1643;EBM Maria Tomazia Coelho (Santinho);100;250;400;297;111;151;25;0;0;10;297;-15.3;42.4;88.2
2022;1;1643;EBM Maria Tomazia Coelho (Santinho);100;292;401;320;106;163;38;0;0;13;320;-21.2;39.4;84.1
2022;1;1643;EBM Maria Tomazia Coelho (Santinho);100;333;398;299;131;131;22;0;0;15;299;0.0;50.0;87.6
2022;1;1643;EBM Maria Tomazia Coelho (Santinho);100;394;401;294;107;158;22;0;0;7;294;-19.2;40.4;90.1
2022;1;1643;EBM Maria Tomazia Coelho (Santinho);100;435;400;332;176;109;39;0;0;8;332;23.5;61.8;85.8
2022;1;1678;EBM Antônio Paschoal Apóstolo (Capivari);100;264;401;304;138;127;29;0;0;10;304;4.2;52.1;87.2
2022;1;1678;EBM Antônio Paschoal Apóstolo (Capivari);100;287;399;308;143;115;36;0;0;14;308;10.9;55.4;83.8
2022;1;1678;EBM Antônio Paschoal Apóstolo (Capivari);100;305;402;314;136;139;28;0;0;11;314;-1.1;49.5;87.6
2022;1;1678;EBM Antônio Paschoal Apóstolo (Capivari);100;319;402;305;146;120;31;0;0;8;305;9.8;54.9;87.2
2022;1;1678;EBM Antônio Paschoal Apóstolo (Capivari);100;332;400;298;124;134;30;0;0;10;298;-3.9;48.1;86.6
2022;1;1678;EBM Antônio Paschoal Apóstolo (Capivari);100;355;401;310;134;132;29;0;0;15;310;0.8;50.4;85.8
2022;1;1678;EBM Antônio Paschoal Apóstolo (Capivari);100;372;400;324;133;139;39;0;0;13;324;-2.2;48.9;84.0
2022;1;1678;EBM Antônio Paschoal Apóstolo (Capivari);100;417;401;290;116;128;32;0;0;14;290;-4.9;47.5;84.1
2022;1;1678;EBM Antônio Paschoal Apóstolo (Capivari);100;423;399;259;128;100;21;0;0;10;259;12.3;56.1;88.0
2022;1;1678;EBM Antônio Paschoal Apóstolo (Capivari);100;434;400;283;148;105;21;0;0;9;283;17.0;58.5;89.4
2022;1;1678;EBM Antônio Paschoal Apóstolo (Capivari);100;441;395;300;149;124;16;0;0;11;300;9.2;54.6;91.0
2022;1;1678;EBM Antônio Paschoal Apóstolo (Capivari);100;456;400;344;198;120;18;0;0;8;344;24.5;62.3;92.4
2022;1;1686;Anexo EEB Intendente José Fernandes (Capivari);100;299;394;307;110;156;26;0;0;15;307;-17.3;41.4;86.6
2022;1;1686;Anexo EEB Intendente José Fernandes (Capivari);100;310;391;309;138;136;22;0;0;13;309;0.7;50.4;88.7
2022;1;1686;Anexo EEB Intendente José Fernandes (Capivari);100;328;394;301;96;155;39;0;0;11;301;-23.5;38.2;83.4
2022;1;1686;Anexo EEB Intendente José Fernandes (Capivari);100;381;394;312;112;163;24;0;0;13;312;-18.5;40.7;88.1
2022;1;1686;Anexo EEB Intendente José Fernandes (Capivari);100;410;391;285;115;142;16;0;0;12;285;-10.5;44.7;90.2
2022;1;1686;Anexo EEB Intendente José Fernandes (Capivari);100;431;396;289;128;121;34;0;0;6;289;2.8;51.4;86.2
2022;1;1686;Anexo EEB Intendente José Fernandes (Capivari);100;438;400;291;154;110;13;0;0;14;291;16.7;58.3;90.7
2022;1;1686;Anexo EEB Intendente José Fernandes (Capivari);100;447;398;311;156;126;18;0;0;11;311;10.6;55.3;90.7
2022;1;1732;EBM Herondina Medeiros Zeferino;100;232;394;305;106;163;29;0;0;7;305;-21.2;39.4;88.2
2022;1;1732;EBM Herondina Medeiros Zeferino;100;270;398;293;102;150;33;0;0;8;293;-19.0;40.5;86.0
2022;1;1732;EBM Herondina Medeiros Zeferino;100;336;400;300;119;142;25;0;0;14;300;-8.8;45.6;87.0
2022;1;1732;EBM Herondina Medeiros Zeferino;100;345;401;309;124;145;29;0;0;11;309;-7.8;46.1;87.1
2022;1;1732;EBM Herondina Medeiros Zeferino;100;376;400;302;104;160;26;0;0;12;302;-21.2;39.4;87.4
2022;1;1732;EBM Herondina Medeiros Zeferino;100;398;400;299;118;154;18;0;0;9;299;-13.2;43.4;91.0
2022;1;1732;EBM Herondina Medeiros Zeferino;100;406;401;279;103;145;18;0;0;13;279;-16.9;41.5;88.9
2022;1;1732;EBM Herondina Medeiros Zeferino;100;411;400;254;115;108;25;0;0;6;254;3.1;51.6;87.8
2022;1;1732;EBM Herondina Medeiros Zeferino;100;425;399;258;114;105;26;0;0;13;258;4.1;52.1;84.9
2022;1;1732;EBM Herondina Medeiros Zeferino;100;430;398;269;87;154;23;0;0;5;269;-27.8;36.1;89.6
2022;1;1732;EBM Herondina Medeiros Zeferino;100;436;397;280;121;116;35;0;0;8;280;2.1;51.1;84.6
2022;1;1732;EBM Herondina Medeiros Zeferino;100;440;397;300;150;108;32;0;0;10;300;16.3;58.1;86.0
2022;1;1732;EBM Herondina Medeiros Zeferino;100;446;395;337;161;125;43;0;0;8;337;12.6;56.3;84.9
2022;1;1732;EBM Herondina Medeiros Zeferino;100;454;398;365;152;176;32;0;0;5;365;-7.3;46.3;89.9
2022;1;1732;EBM Herondina Medeiros Zeferino;100;467;400;347;154;167;16;0;0;10;347;-4.0;48.0;92.5
2022;1;1732;EBM Herondina Medeiros Zeferino;100;470;399;344;145;153;34;0;0;12;344;-2.7;48.7;86.6
2022;1;1732;EBM Herondina Medeiros Zeferino;100;472;399;350;166;138;38;0;0;8;350;9.2;54.6;86.9
2022;1;1732;EBM Herondina Medeiros Zeferino;100;475;400;329;157;147;21;0;0;4;329;3.3;51.6;92.4
2022;1;1732;EBM Herondina Medeiros Zeferino;100;478;400;305;160;115;23;0;0;7;305;16.4;58.2;90.2
2022;1;1732;EBM Herondina Medeiros Zeferino;100;482;401;348;178;149;20;0;0;1;348;8.9;54.4;94.0
2022;1;1830;Anexo II Intendente José Fernandes;100;448;399;340;147;144;41;0;0;8;340;1.0;50.5;85.6
2022;1;1830;Anexo II Intendente José Fernandes;100;459;400;335;167;140;23;0;0;5;335;8.8;54.4;91.6
2022;1;1830;Anexo II Intendente José Fernandes;100;466;400;355;150;171;27;0;0;7;355;-6.5;46.7;90.4
2022;2;1368;EEB Intendente José Fernandes;100;102;376;303;104;190;0;0;0;9;303;-29.3;35.4;97.0
2022;2;1368;EEB Intendente José Fernandes;100;103;374;296;82;198;0;0;0;16;296;-41.4;29.3;94.6
2022;2;1368;EEB Intendente José Fernandes;100;104;374;293;115;168;0;0;0;10;293;-18.7;40.6;96.6
2022;2;1368;EEB Intendente José Fernandes;100;134;371;295;112;171;0;0;0;12;295;-20.8;39.6;95.9
2022;2;1368;EEB Intendente José Fernandes;100;153;370;305;126;165;0;0;0;14;305;-13.4;43.3;95.4
2022;2;1368;EEB Intendente José Fernandes;100;160;373;285;100;177;0;0;0;8;285;-27.8;36.1;97.2
2022;2;1368;EEB Intendente José Fernandes;100;170;375;299;110;178;0;0;0;11;299;-23.6;38.2;96.3
2022;2;1368;EEB Intendente José Fernandes;100;182;377;302;121;168;0;0;0;13;302;-16.3;41.9;95.7
2022;2;1368;EEB Intendente José Fernandes;100;213;369;285;122;154;0;0;0;9;285;-11.6;44.2;96.8
2022;2;1368;EEB Intendente José Fernandes;100;274;373;283;96;171;0;0;0;16;283;-28.1;36.0;94.3
2022;2;1368;EEB Intendente José Fernandes;100;289;375;291;125;160;0;0;0;6;291;-12.3;43.9;97.9
2022;2;1368;EEB Intendente José Fernandes;100;334;373;281;123;150;0;0;0;8;281;-9.9;45.1;97.2
2022;2;1368;EEB Intendente José Fernandes;100;343;369;259;106;147;0;0;0;6;259;-16.2;41.9;97.7
2022;2;1368;EEB Intendente José Fernandes;100;361;371;279;121;149;0;0;0;9;279;-10.4;44.8;96.8
2022;2;1368;EEB Intendente José Fernandes;100;374;371;294;130;145;0;0;0;19;294;-5.5;47.3;93.5
2022;2;1368;EEB Intendente José Fernandes;100;383;371;293;131;149;0;0;0;13;293;-6.4;46.8;95.6
2022;2;1368;EEB Intendente José Fernandes;100;395;365;254;115;127;0;0;0;12;254;-5.0;47.5;95.3
2022;2;1368;EEB Intendente José Fernandes;100;402;371;271;111;151;0;0;0;9;271;-15.3;42.4;96.7
2022;2;1376;NEIM Gentil Mathias da Silva;100;105;400;299;126;160;0;0;0;13;299;-11.9;44.1;95.7
2022;2;1376;NEIM Gentil Mathias da Silva;100;106;397;320;113;194;0;0;0;13;320;-26.4;36.8;95.9
2022;2;1376;NEIM Gentil Mathias da Silva;100;107;399;316;112;189;0;0;0;15;316;-25.6;37.2;95.3
2022;2;1376;NEIM Gentil Mathias da Silva;100;108;399;311;133;165;0;0;0;13;311;-10.7;44.6;95.8
2022;2;1376;NEIM Gentil Mathias da Silva;100;143;400;311;115;183;0;0;0;13;311;-22.8;38.6;95.8
2022;2;1376;NEIM Gentil Mathias da Silva;100;151;400;302;120;175;0;0;0;7;302;-18.6;40.7;97.7
2022;2;1376;NEIM Gentil Mathias da Silva;100;159;400;313;132;169;0;0;0;12;313;-12.3;43.9;96.2
2022;2;1376;NEIM Gentil Mathias da Silva;100;166;401;301;122;169;0;0;0;10;301;-16.2;41.9;96.7
2022;2;1376;NEIM Gentil Mathias da Silva;100;178;401;323;137;175;0;0;0;11;323;-12.2;43.9;96.6
2022;2;1503;EEB de Muquém;100;193;399;326;137;179;0;0;0;10;326;-13.3;43.4;96.9
2022;2;1503;EEB de Muquém;100;224;402;331;152;165;0;0;0;14;331;-4.1;47.9;95.8
2022;2;1503;EEB de Muquém;100;284;400;311;135;161;0;0;0;15;311;-8.8;45.6;95.2
2022;2;1503;EEB de Muquém;100;339;399;302;134;151;0;0;0;17;302;-6.0;47.0;94.4
2022;2;1503;EEB de Muquém;100;371;401;337;128;196;0;0;0;13;337;-21.0;39.5;96.1
2022;2;1503;EEB de Muquém;100;408;400;293;141;139;0;0;0;13;293;0.7;50.4;95.6
2022;2;1503;EEB de Muquém;100;433;400;320;179;127;0;0;0;14;320;17.0;58.5;95.6
2022;2;1503;EEB de Muquém;100;451;400;357;212;136;0;0;0;9;357;21.8;60.9;97.5
2022;2;1503;EEB de Muquém;100;468;399;329;188;133;0;0;0;8;329;17.1;58.6;97.6
2022;2;1562;Colégio Santa Terezinha;100;188;401;288;110;169;0;0;0;9;288;-21.1;39.4;96.9
2022;2;1562;Colégio Santa Terezinha;100;211;402;314;122;181;0;0;0;11;314;-19.5;40.3;96.5
2022;2;1562;Colégio Santa Terezinha;100;215;398;308;111;188;0;0;0;9;308;-25.8;37.1;97.1
2022;2;1562;Colégio Santa Terezinha;100;222;400;327;113;204;0;0;0;10;327;-28.7;35.6;96.9
2022;2;1562;Colégio Santa Terezinha;100;230;401;319;123;185;0;0;0;11;319;-20.1;39.9;96.6
2022;2;1562;Colégio Santa Terezinha;100;239;401;308;112;178;0;0;0;18;308;-22.8;38.6;94.2
2022;2;1562;Colégio Santa Terezinha;100;300;396;309;100;201;0;0;0;8;309;-33.6;33.2;97.4
2022;2;1562;Colégio Santa Terezinha;100;308;399;307;114;184;0;0;0;9;307;-23.5;38.3;97.1
2022;2;1562;Colégio Santa Terezinha;100;350;400;304;121;174;0;0;0;9;304;-18.0;41.0;97.0
2022;2;1562;Colégio Santa Terezinha;100;367;401;323;112;198;0;0;0;13;323;-27.7;36.1;96.0
2022;2;1562;Colégio Santa Terezinha;100;378;399;302;109;186;0;0;0;7;302;-26.1;36.9;97.7
2022;2;1562;Colégio Santa Terezinha;100;388;400;312;102;202;0;0;0;8;312;-32.9;33.6;97.4
2022;2;1562;Colégio Santa Terezinha;100;422;401;289;127;154;0;0;0;8;289;-9.6;45.2;97.2
2022;2;1600;Centro Educacional Universo;100;233;367;285;96;175;0;0;0;14;285;-29.2;35.4;95.1
2022;2;1600;Centro Educacional Universo;100;253;375;288;109;169;0;0;0;10;288;-21.6;39.2;96.5
2022;2;1600;Centro Educacional Universo;100;263;372;301;103;184;0;0;0;14;301;-28.2;35.9;95.3
2022;2;1600;Centro Educacional Universo;100;268;365;283;109;163;0;0;0;11;283;-19.9;40.1;96.1
2022;2;1600;Centro Educacional Universo;100;283;371;285;80;192;0;0;0;13;285;-41.2;29.4;95.4
2022;2;1600;Centro Educacional Universo;100;298;364;271;96;168;0;0;0;7;271;-27.3;36.4;97.4
2022;2;1600;Centro Educacional Universo;100;320;367;284;106;167;0;0;0;11;284;-22.3;38.8;96.1
2022;2;1600;Centro Educacional Universo;100;351;365;279;103;171;0;0;0;5;279;-24.8;37.6;98.2
2022;2;1600;Centro Educacional Universo;100;396;373;277;123;143;0;0;0;11;277;-7.5;46.2;96.0
2022;2;1600;Centro Educacional Universo;100;405;371;280;96;174;0;0;0;10;280;-28.9;35.6;96.4
2022;2;1643;EBM Maria Tomazia Coelho (Santinho);100;100;400;304;98;195;0;0;0;11;304;-33.1;33.4;96.4
2022;2;1643;EBM Maria Tomazia Coelho (Santinho);100;101;399;331;111;203;0;0;0;17;331;-29.3;35.4;94.9
2022;2;1643;EBM Maria Tomazia Coelho (Santinho);100;162;398;318;117;188;0;0;0;13;318;-23.3;38.4;95.9
2022;2;1643;EBM Maria Tomazia Coelho (Santinho);100;217;400;325;108;201;0;0;0;16;325;-30.1;35.0;95.1
2022;2;1643;EBM Maria Tomazia Coelho (Santinho);100;250;399;298;123;163;0;0;0;12;298;-14.0;43.0;96.0
2022;2;1643;EBM Maria Tomazia Coelho (Santinho);100;292;402;324;122;188;0;0;0;14;324;-21.3;39.4;95.7
2022;2;1643;EBM Maria Tomazia Coelho (Santinho);100;333;399;295;138;143;0;0;0;14;295;-1.8;49.1;95.3
2022;2;1643;EBM Maria Tomazia Coelho (Santinho);100;394;401;297;118;174;0;0;0;5;297;-19.2;40.4;98.3
2022;2;1643;EBM Maria Tomazia Coelho (Santinho);100;435;402;338;188;141;0;0;0;9;338;14.3;57.1;97.3
2022;2;1678;EBM Antônio Paschoal Apóstolo (Capivari);100;264;401;323;151;157;0;0;0;15;323;-1.9;49.0;95.4
2022;2;1678;EBM Antônio Paschoal Apóstolo (Capivari);100;287;399;299;153;133;0;0;0;13;299;7.0;53.5;95.7
2022;2;1678;EBM Antônio Paschoal Apóstolo (Capivari);100;305;402;318;144;165;0;0;0;9;318;-6.8;46.6;97.2
2022;2;1678;EBM Antônio Paschoal Apóstolo (Capivari);100;319;401;303;156;140;0;0;0;7;303;5.4;52.7;97.7
2022;2;1678;EBM Antônio Paschoal Apóstolo (Capivari);100;332;400;301;132;156;0;0;0;13;301;-8.3;45.8;95.7
2022;2;1678;EBM Antônio Paschoal Apóstolo (Capivari);100;355;401;305;142;150;0;0;0;13;305;-2.7;48.6;95.7
2022;2;1678;EBM Antônio Paschoal Apóstolo (Capivari);100;372;398;316;148;157;0;0;0;11;316;-3.0;48.5;96.5
2022;2;1678;EBM Antônio Paschoal Apóstolo (Capivari);100;417;400;288;125;155;0;0;0;8;288;-10.7;44.6;97.2
2022;2;1678;EBM Antônio Paschoal Apóstolo (Capivari);100;423;400;256;130;120;0;0;0;6;256;4.0;52.0;97.7
2022;2;1678;EBM Antônio Paschoal Apóstolo (Capivari);100;434;400;280;153;117;0;0;0;10;280;13.3;56.7;96.4
2022;2;1678;EBM Antônio Paschoal Apóstolo (Capivari);100;441;395;305;156;138;0;0;0;11;305;6.1;53.1;96.4
2022;2;1678;EBM Antônio Paschoal Apóstolo (Capivari);100;456;400;349;202;138;0;0;0;9;349;18.8;59.4;97.4
2022;2;1686;Anexo EEB Intendente José Fernandes (Capivari);100;299;395;312;131;169;0;0;0;12;312;-12.7;43.7;96.2
2022;2;1686;Anexo EEB Intendente José Fernandes (Capivari);100;310;393;320;155;150;0;0;0;15;320;1.6;50.8;95.3
2022;2;1686;Anexo EEB Intendente José Fernandes (Capivari);100;328;395;302;113;177;0;0;0;12;302;-22.1;39.0;96.0
2022;2;1686;Anexo EEB Intendente José Fernandes (Capivari);100;381;394;303;108;181;0;0;0;14;303;-25.3;37.4;95.4
2022;2;1686;Anexo EEB Intendente José Fernandes (Capivari);100;410;392;290;118;162;0;0;0;10;290;-15.7;42.1;96.6
2022;2;1686;Anexo EEB Intendente José Fernandes (Capivari);100;431;396;277;127;141;0;0;0;9;277;-5.2;47.4;96.8
2022;2;1686;Anexo EEB Intendente José Fernandes (Capivari);100;438;400;289;154;126;0;0;0;9;289;10.0;55.0;96.9
2022;2;1686;Anexo EEB Intendente José Fernandes (Capivari);100;447;398;315;167;136;0;0;0;12;315;10.2;55.1;96.2
2022;2;1732;EBM Herondina Medeiros Zeferino;100;232;396;303;114;183;0;0;0;6;303;-23.2;38.4;98.0
2022;2;1732;EBM Herondina Medeiros Zeferino;100;270;397;292;114;169;0;0;0;9;292;-19.4;40.3;96.9
2022;2;1732;EBM Herondina Medeiros Zeferino;100;336;400;295;132;154;0;0;0;9;295;-7.7;46.2;96.9
2022;2;1732;EBM Herondina Medeiros Zeferino;100;345;401;309;127;172;0;0;0;10;309;-15.1;42.5;96.8
2022;2;1732;EBM Herondina Medeiros Zeferino;100;376;399;298;110;177;0;0;0;11;298;-23.3;38.3;96.3
2022;2;1732;EBM Herondina Medeiros Zeferino;100;398;401;297;123;166;0;0;0;8;297;-14.9;42.6;97.3
2022;2;1732;EBM Herondina Medeiros Zeferino;100;406;401;289;117;162;0;0;0;10;289;-16.1;41.9;96.5
2022;2;1732;EBM Herondina Medeiros Zeferino;100;411;401;253;123;119;0;0;0;11;253;1.7;50.8;95.7
2022;2;1732;EBM Herondina Medeiros Zeferino;100;425;400;272;125;134;0;0;0;13;272;-3.5;48.3;95.2
2022;2;1732;EBM Herondina Medeiros Zeferino;100;430;397;271;95;168;0;0;0;8;271;-27.8;36.1;97.0
2022;2;1732;EBM Herondina Medeiros Zeferino;100;436;397;285;137;134;0;0;0;14;285;1.1;50.6;95.1
2022;2;1732;EBM Herondina Medeiros Zeferino;100;440;398;298;158;127;0;0;0;13;298;10.9;55.4;95.6
2022;2;1732;EBM Herondina Medeiros Zeferino;100;446;396;333;177;144;0;0;0;12;333;10.3;55.1;96.4
2022;2;1732;EBM Herondina Medeiros Zeferino;100;454;400;353;158;186;0;0;0;9;353;-8.1;45.9;97.5
2022;2;1732;EBM Herondina Medeiros Zeferino;100;467;398;332;150;175;0;0;0;7;332;-7.7;46.2;97.9
2022;2;1732;EBM Herondina Medeiros Zeferino;100;470;400;348;157;181;0;0;0;10;348;-7.1;46.4;97.1
2022;2;1732;EBM Herondina Medeiros Zeferino;100;472;401;344;176;155;0;0;0;13;344;6.3;53.2;96.2
2022;2;1732;EBM Herondina Medeiros Zeferino;100;475;399;330;165;155;0;0;0;10;330;3.1;51.6;97.0
2022;2;1732;EBM Herondina Medeiros Zeferino;100;478;399;316;162;151;0;0;0;3;316;3.5;51.8;99.1
2022;2;1732;EBM Herondina Medeiros Zeferino;100;482;402;344;178;158;0;0;0;8;344;6.0;53.0;97.7
2022;2;1830;Anexo II Intendente José Fernandes;100;448;398;344;161;167;0;0;0;16;344;-1.8;49.1;95.3
2022;2;1830;Anexo II Intendente José Fernandes;100;459;401;344;178;158;0;0;0;8;344;6.0;53.0;97.7
2022;2;1830;Anexo II Intendente José Fernandes;100;466;400;349;153;184;0;0;0;12;349;-9.2;45.4;96.6
2026;1;1368;EEB Intendente José Fernandes;100;102;355;274;72;162;26;0;0;14;274;-38.5;30.8;85.4
2026;1;1368;EEB Intendente José Fernandes;100;103;355;262;64;160;27;0;0;11;262;-42.9;28.6;85.5
2026;1;1368;EEB Intendente José Fernandes;100;104;358;285;96;155;22;0;0;12;285;-23.5;38.2;88.1
2026;1;1368;EEB Intendente José Fernandes;100;134;350;270;89;157;18;0;0;6;270;-27.6;36.2;91.1
2026;1;1368;EEB Intendente José Fernandes;100;153;357;295;102;143;29;0;0;21;295;-16.7;41.6;83.1
2026;1;1368;EEB Intendente José Fernandes;100;160;353;266;83;160;15;0;0;8;266;-31.7;34.2;91.4
2026;1;1368;EEB Intendente José Fernandes;100;170;354;284;94;154;23;0;0;13;284;-24.2;37.9;87.3
2026;1;1368;EEB Intendente José Fernandes;100;182;357;275;86;149;25;0;0;15;275;-26.8;36.6;85.5
2026;1;1368;EEB Intendente José Fernandes;100;213;356;263;92;137;25;0;0;9;263;-19.7;40.2;87.1
2026;1;1368;EEB Intendente José Fernandes;100;274;351;272;71;170;23;0;0;8;272;-41.1;29.5;88.6
2026;1;1368;EEB Intendente José Fernandes;100;289;352;273;90;155;23;0;0;5;273;-26.5;36.7;89.7
2026;1;1368;EEB Intendente José Fernandes;100;334;353;268;95;150;15;0;0;8;268;-22.4;38.8;91.4
2026;1;1368;EEB Intendente José Fernandes;100;343;345;255;94;130;23;0;0;8;255;-16.1;42.0;87.8
2026;1;1368;EEB Intendente José Fernandes;100;361;355;257;92;143;14;0;0;8;257;-21.7;39.1;91.4
2026;1;1368;EEB Intendente José Fernandes;100;374;357;265;99;127;25;0;0;14;265;-12.4;43.8;85.3
2026;1;1368;EEB Intendente José Fernandes;100;383;352;266;93;137;24;0;0;12;266;-19.1;40.4;86.5
2026;1;1368;EEB Intendente José Fernandes;100;395;352;255;83;139;16;0;0;17;255;-25.2;37.4;87.1
2026;1;1368;EEB Intendente José Fernandes;100;402;354;258;89;138;17;0;0;14;258;-21.6;39.2;88.0
2026;1;1376;NEIM Gentil Mathias da Silva;100;105;365;269;98;141;26;0;0;4;269;-18.0;41.0;88.8
2026;1;1376;NEIM Gentil Mathias da Silva;100;106;364;290;100;158;19;0;0;13;290;-22.5;38.8;89.0
2026;1;1376;NEIM Gentil Mathias da Silva;100;107;386;292;98;151;35;0;0;8;292;-21.3;39.4;85.3
2026;1;1376;NEIM Gentil Mathias da Silva;100;108;364;279;91;155;26;0;0;7;279;-26.0;37.0;88.2
2026;1;1376;NEIM Gentil Mathias da Silva;100;143;361;283;91;164;22;0;0;6;283;-28.6;35.7;90.1
2026;1;1376;NEIM Gentil Mathias da Silva;100;151;385;302;105;171;17;0;0;9;302;-23.9;38.0;91.4
2026;1;1376;NEIM Gentil Mathias da Silva;100;159;363;279;96;149;26;0;0;8;279;-21.6;39.2;87.8
2026;1;1376;NEIM Gentil Mathias da Silva;100;166;362;274;97;146;27;0;0;4;274;-20.2;39.9;88.7
2026;1;1376;NEIM Gentil Mathias da Silva;100;178;363;279;110;145;16;0;0;8;279;-13.7;43.1;91.4
2026;1;1376;NEIM Gentil Mathias da Silva;100;487;362;236;85;124;19;0;0;8;236;-18.7;40.7;88.6
2026;1;1376;NEIM Gentil Mathias da Silva;100;506;385;280;117;136;25;0;0;2;280;-7.5;46.2;90.4
2026;1;1503;EEB de Muquém;100;193;371;303;99;173;22;0;0;9;303;-27.2;36.4;89.8
2026;1;1503;EEB de Muquém;100;224;373;307;113;146;25;0;0;23;307;-12.7;43.6;84.4
2026;1;1503;EEB de Muquém;100;284;375;282;92;156;18;0;0;16;282;-25.8;37.1;87.9
2026;1;1503;EEB de Muquém;100;339;378;295;113;132;31;0;0;19;295;-7.8;46.1;83.1
2026;1;1503;EEB de Muquém;100;371;374;301;103;149;31;0;0;18;301;-18.3;40.9;83.7
2026;1;1503;EEB de Muquém;100;408;375;289;104;148;27;0;0;10;289;-17.5;41.3;87.2
2026;1;1503;EEB de Muquém;100;433;376;282;121;118;35;0;0;8;282;1.3;50.6;84.8
2026;1;1503;EEB de Muquém;100;451;372;279;138;116;19;0;0;6;279;8.7;54.3;91.0
2026;1;1503;EEB de Muquém;100;468;375;273;128;112;23;0;0;10;273;6.7;53.3;87.9
2026;1;1503;EEB de Muquém;100;485;378;258;72;135;40;0;0;11;258;-30.4;34.8;80.2
2026;1;1503;EEB de Muquém;100;509;372;273;105;120;35;0;0;13;273;-6.7;46.7;82.4
2026;1;1503;EEB de Muquém;100;521;376;289;99;148;27;0;0;15;289;-19.8;40.1;85.5
2026;1;1503;EEB de Muquém;100;529;287;258;106;124;24;0;0;4;258;-7.8;46.1;89.1
2026;1;1562;Colégio Santa Terezinha;100;188;382;287;98;159;25;0;0;5;287;-23.7;38.1;89.5
2026;1;1562;Colégio Santa Terezinha;100;211;382;288;94;153;31;0;0;10;288;-23.9;38.1;85.8
2026;1;1562;Colégio Santa Terezinha;100;215;382;292;88;172;23;0;0;9;292;-32.3;33.8;89.0
2026;1;1562;Colégio Santa Terezinha;100;222;380;301;93;167;32;0;0;9;301;-28.5;35.8;86.4
2026;1;1562;Colégio Santa Terezinha;100;230;381;302;95;169;30;0;0;8;302;-28.0;36.0;87.4
2026;1;1562;Colégio Santa Terezinha;100;239;380;295;82;169;32;0;0;12;295;-34.7;32.7;85.1
2026;1;1562;Colégio Santa Terezinha;100;300;377;271;79;164;22;0;0;6;271;-35.0;32.5;89.7
2026;1;1562;Colégio Santa Terezinha;100;308;379;287;95;171;18;0;0;3;287;-28.6;35.7;92.7
2026;1;1562;Colégio Santa Terezinha;100;350;380;254;84;149;16;0;0;5;254;-27.9;36.1;91.7
2026;1;1562;Colégio Santa Terezinha;100;367;380;303;92;173;32;0;0;6;303;-30.6;34.7;87.5
2026;1;1562;Colégio Santa Terezinha;100;378;379;277;80;168;22;0;0;7;277;-35.5;32.3;89.5
2026;1;1562;Colégio Santa Terezinha;100;388;379;300;80;185;31;0;0;4;300;-39.6;30.2;88.3
2026;1;1562;Colégio Santa Terezinha;100;422;379;284;96;143;35;0;0;10;284;-19.7;40.2;84.2
2026;1;1600;Centro Educacional Universo;100;233;368;278;82;160;26;0;0;10;278;-32.2;33.9;87.1
2026;1;1600;Centro Educacional Universo;100;253;364;292;96;156;29;0;0;11;292;-23.8;38.1;86.3
2026;1;1600;Centro Educacional Universo;100;263;366;294;90;166;27;0;0;11;294;-29.7;35.2;87.1
2026;1;1600;Centro Educacional Universo;100;268;364;283;85;152;28;0;0;18;283;-28.3;35.9;83.7
2026;1;1600;Centro Educacional Universo;100;283;361;282;72;174;24;0;0;12;282;-41.5;29.3;87.2
2026;1;1600;Centro Educacional Universo;100;298;362;267;81;152;28;0;0;6;267;-30.5;34.8;87.3
2026;1;1600;Centro Educacional Universo;100;320;360;285;87;167;25;0;0;6;285;-31.5;34.3;89.1
2026;1;1600;Centro Educacional Universo;100;351;365;273;78;159;28;0;0;8;273;-34.2;32.9;86.8
2026;1;1600;Centro Educacional Universo;100;396;365;275;104;137;25;0;0;9;275;-13.7;43.2;87.6
2026;1;1600;Centro Educacional Universo;100;405;364;280;80;180;13;0;0;7;280;-38.5;30.8;92.9
2026;1;1643;EBM Maria Tomazia Coelho (Santinho);100;100;357;260;72;148;29;0;0;11;260;-34.5;32.7;84.6
2026;1;1643;EBM Maria Tomazia Coelho (Santinho);100;101;359;295;83;168;31;0;0;13;295;-33.9;33.1;85.1
2026;1;1643;EBM Maria Tomazia Coelho (Santinho);100;162;373;289;103;143;36;0;0;7;289;-16.3;41.9;85.1
2026;1;1643;EBM Maria Tomazia Coelho (Santinho);100;217;357;281;88;153;33;0;0;7;281;-27.0;36.5;85.8
2026;1;1643;EBM Maria Tomazia Coelho (Santinho);100;250;373;295;107;155;27;0;0;6;295;-18.3;40.8;88.8
2026;1;1643;EBM Maria Tomazia Coelho (Santinho);100;292;358;284;88;160;25;0;0;11;284;-29.0;35.5;87.3
2026;1;1643;EBM Maria Tomazia Coelho (Santinho);100;333;357;271;103;139;22;0;0;7;271;-14.9;42.6;89.3
2026;1;1643;EBM Maria Tomazia Coelho (Santinho);100;394;356;266;87;144;27;0;0;8;266;-24.7;37.7;86.8
2026;1;1643;EBM Maria Tomazia Coelho (Santinho);100;435;357;272;125;109;34;0;0;4;272;6.8;53.4;86.0
2026;1;1643;EBM Maria Tomazia Coelho (Santinho);100;490;359;295;97;149;38;0;0;11;295;-21.1;39.4;83.4
2026;1;1678;EBM Antônio Paschoal Apóstolo (Capivari);100;264;381;281;107;139;27;0;0;8;281;-13.0;43.5;87.5
2026;1;1678;EBM Antônio Paschoal Apóstolo (Capivari);100;287;378;291;126;131;26;0;0;8;291;-1.9;49.0;88.3
2026;1;1678;EBM Antônio Paschoal Apóstolo (Capivari);100;305;380;298;125;133;29;0;0;11;298;-3.1;48.4;86.6
2026;1;1678;EBM Antônio Paschoal Apóstolo (Capivari);100;319;381;273;117;119;29;0;0;8;273;-0.8;49.6;86.4
2026;1;1678;EBM Antônio Paschoal Apóstolo (Capivari);100;332;379;283;104;144;29;0;0;6;283;-16.1;41.9;87.6
2026;1;1678;EBM Antônio Paschoal Apóstolo (Capivari);100;355;381;279;118;118;29;0;0;14;279;0.0;50.0;84.6
2026;1;1678;EBM Antônio Paschoal Apóstolo (Capivari);100;372;378;287;115;136;26;0;0;10;287;-8.4;45.8;87.5
2026;1;1678;EBM Antônio Paschoal Apóstolo (Capivari);100;417;380;278;104;140;22;0;0;12;278;-14.8;42.6;87.8
2026;1;1678;EBM Antônio Paschoal Apóstolo (Capivari);100;423;382;272;114;127;26;0;0;5;272;-5.4;47.3;88.6
2026;1;1686;Anexo EEB Intendente José Fernandes (Capivari);100;299;380;283;91;148;28;0;0;16;283;-23.8;38.1;84.5
2026;1;1686;Anexo EEB Intendente José Fernandes (Capivari);100;310;390;291;117;146;17;0;0;11;291;-11.0;44.5;90.4
2026;1;1686;Anexo EEB Intendente José Fernandes (Capivari);100;328;381;281;98;145;33;0;0;5;281;-19.3;40.3;86.5
2026;1;1686;Anexo EEB Intendente José Fernandes (Capivari);100;381;390;302;97;168;29;0;0;8;302;-26.8;36.6;87.7
2026;1;1686;Anexo EEB Intendente José Fernandes (Capivari);100;410;379;258;87;136;23;0;0;12;258;-22.0;39.0;86.4
2026;1;1686;Anexo EEB Intendente José Fernandes (Capivari);100;431;384;260;105;121;29;0;0;5;260;-7.1;46.5;86.9
2026;1;1686;Anexo EEB Intendente José Fernandes (Capivari);100;438;379;257;110;119;22;0;0;6;257;-3.9;48.0;89.1
2026;1;1686;Anexo EEB Intendente José Fernandes (Capivari);100;447;379;277;116;116;33;0;0;12;277;0.0;50.0;83.8
2026;1;1686;Anexo EEB Intendente José Fernandes (Capivari);100;448;384;273;107;133;28;0;0;5;273;-10.8;44.6;87.9
2026;1;1686;Anexo EEB Intendente José Fernandes (Capivari);100;459;379;268;114;121;28;0;0;5;268;-3.0;48.5;87.7
2026;1;1686;Anexo EEB Intendente José Fernandes (Capivari);100;466;379;269;113;131;20;0;0;5;269;-7.4;46.3;90.7
2026;1;1686;Anexo EEB Intendente José Fernandes (Capivari);100;508;378;285;130;128;16;0;0;11;285;0.8;50.4;90.5
2026;1;1686;Anexo EEB Intendente José Fernandes (Capivari);100;515;378;237;89;118;21;0;0;9;237;-14.0;43.0;87.3
2026;1;1686;Anexo EEB Intendente José Fernandes (Capivari);100;522;380;293;123;129;33;0;0;8;293;-2.4;48.8;86.0
2026;1;1686;Anexo EEB Intendente José Fernandes (Capivari);100;527;395;339;120;161;52;0;0;6;339;-14.6;42.7;82.9
2026;1;1732;EBM Herondina Medeiros Zeferino;100;232;388;301;94;168;32;0;0;7;301;-28.2;35.9;87.0
2026;1;1732;EBM Herondina Medeiros Zeferino;100;270;388;280;100;141;26;0;0;13;280;-17.0;41.5;86.1
2026;1;1732;EBM Herondina Medeiros Zeferino;100;336;373;272;91;142;29;0;0;10;272;-21.9;39.1;85.7
2026;1;1732;EBM Herondina Medeiros Zeferino;100;345;374;278;105;143;20;0;0;10;278;-15.3;42.3;89.2
2026;1;1732;EBM Herondina Medeiros Zeferino;100;376;373;273;90;137;37;0;0;9;273;-20.7;39.6;83.2
2026;1;1732;EBM Herondina Medeiros Zeferino;100;398;387;288;100;157;23;0;0;8;288;-22.2;38.9;89.2
2026;1;1732;EBM Herondina Medeiros Zeferino;100;406;389;277;95;150;27;0;0;5;277;-22.4;38.8;88.4
2026;1;1732;EBM Herondina Medeiros Zeferino;100;411;388;267;108;128;23;0;0;8;267;-8.5;45.8;88.4
2026;1;1732;EBM Herondina Medeiros Zeferino;100;425;387;258;99;117;30;0;0;12;258;-8.3;45.8;83.7
2026;1;1732;EBM Herondina Medeiros Zeferino;100;430;385;280;80;170;24;0;0;6;280;-36.0;32.0;89.3
2026;1;1732;EBM Herondina Medeiros Zeferino;100;436;375;278;107;142;26;0;0;3;278;-14.1;43.0;89.6
2026;1;1732;EBM Herondina Medeiros Zeferino;100;440;372;276;125;124;19;0;0;8;276;0.4;50.2;90.2
2026;1;1732;EBM Herondina Medeiros Zeferino;100;446;373;285;115;127;37;0;0;6;285;-5.0;47.5;84.9
2026;1;1732;EBM Herondina Medeiros Zeferino;100;454;373;297;114;145;30;0;0;8;297;-12.0;44.0;87.2
2026;1;1732;EBM Herondina Medeiros Zeferino;100;467;388;298;117;158;20;0;0;3;298;-14.9;42.5;92.3
2026;1;1732;EBM Herondina Medeiros Zeferino;100;470;374;282;112;144;21;0;0;5;282;-12.5;43.8;90.8
2026;1;1732;EBM Herondina Medeiros Zeferino;100;472;375;290;123;130;27;0;0;10;290;-2.8;48.6;87.2
2026;1;1732;EBM Herondina Medeiros Zeferino;100;475;371;284;112;139;28;0;0;5;284;-10.8;44.6;88.4
2026;1;1732;EBM Herondina Medeiros Zeferino;100;478;372;253;105;117;24;0;0;7;253;-5.4;47.3;87.7
2026;1;1732;EBM Herondina Medeiros Zeferino;100;482;388;247;87;115;36;0;0;9;247;-13.9;43.1;81.8
2026;1;1732;EBM Herondina Medeiros Zeferino;100;489;387;246;83;121;34;0;0;8;246;-18.6;40.7;82.9
2026;1;1732;EBM Herondina Medeiros Zeferino;100;498;377;306;117;153;29;0;0;7;306;-13.3;43.3;88.2
2026;1;1732;EBM Herondina Medeiros Zeferino;100;499;373;271;99;125;36;0;0;11;271;-11.6;44.2;82.7
2026;1;1732;EBM Herondina Medeiros Zeferino;100;504;374;302;118;143;35;0;0;6;302;-9.6;45.2;86.4
2026;1;1732;EBM Herondina Medeiros Zeferino;100;516;378;274;85;152;29;0;0;8;274;-28.3;35.9;86.5
2026;1;1929;EBM Darcy Ribeiro;100;434;372;265;109;117;33;0;0;6;265;-3.5;48.2;85.3
2026;1;1929;EBM Darcy Ribeiro;100;441;375;255;110;117;21;0;0;7;255;-3.1;48.5;89.0
2026;1;1929;EBM Darcy Ribeiro;100;456;375;286;147;112;22;0;0;5;286;13.5;56.8;90.6
2026;1;1929;EBM Darcy Ribeiro;100;484;371;241;93;111;23;0;0;14;241;-8.8;45.6;84.6
2026;1;1929;EBM Darcy Ribeiro;100;501;372;270;106;119;33;0;0;12;270;-5.8;47.1;83.3
2026;1;1929;EBM Darcy Ribeiro;100;511;377;274;110;113;39;0;0;12;274;-1.3;49.3;81.4
2026;1;1929;EBM Darcy Ribeiro;100;524;378;327;149;145;27;0;0;6;327;1.4;50.7;89.9
