ano;turno;local;nome;zona;secao;aptos;esquerda;direita;outros;total;margem_esq_pp;esq_sobre_LpR_pct;polarizacao_LpR_sobre_T_pct
2018;1;1384;EEB SEVERO HONORATO DA COSTA (Pântano do Sul);13;221;343;46;134;98;278;-48.9;25.6;64.7
2018;1;1384;EEB SEVERO HONORATO DA COSTA (Pântano do Sul);13;222;350;44;143;112;299;-52.9;23.5;62.5
2018;1;1384;EEB SEVERO HONORATO DA COSTA (Pântano do Sul);13;267;348;40;145;109;294;-56.8;21.6;62.9
2018;1;1384;EEB SEVERO HONORATO DA COSTA (Pântano do Sul);13;321;345;40;135;104;279;-54.3;22.9;62.7
2018;1;1406;EBM COSTA DE DENTRO (Pântano do Sul);13;226;316;49;145;73;267;-49.5;25.3;72.7
2018;1;1406;EBM COSTA DE DENTRO (Pântano do Sul);13;339;317;47;133;98;278;-47.8;26.1;64.7
2018;1;2038;IFSC CONTINENTE (fronteira Estreito/Coqueiros);12;422;335;30;135;97;262;-63.6;18.2;63.0
2018;1;2038;IFSC CONTINENTE (fronteira Estreito/Coqueiros);12;428;334;29;119;109;257;-60.8;19.6;57.6
2018;1;2054;CEFID/UDESC (Coqueiros, inferência de rua);12;450;371;33;165;132;330;-66.7;16.7;60.0
2018;1;2054;CEFID/UDESC (Coqueiros, inferência de rua);12;451;371;38;197;93;328;-67.7;16.2;71.6
2018;1;2054;CEFID/UDESC (Coqueiros, inferência de rua);12;452;368;29;187;111;327;-73.1;13.4;66.1
2018;1;2054;CEFID/UDESC (Coqueiros, inferência de rua);12;453;371;32;180;109;321;-69.8;15.1;66.0
2018;1;2054;CEFID/UDESC (Coqueiros, inferência de rua);12;454;372;24;173;123;320;-75.6;12.2;61.6
2018;1;2054;CEFID/UDESC (Coqueiros, inferência de rua);12;455;372;28;165;126;319;-71.0;14.5;60.5
2018;1;2054;CEFID/UDESC (Coqueiros, inferência de rua);12;456;369;29;183;110;322;-72.6;13.7;65.8
2018;1;2054;CEFID/UDESC (Coqueiros, inferência de rua);12;457;367;40;177;102;319;-63.1;18.4;68.0
2018;1;2054;CEFID/UDESC (Coqueiros, inferência de rua);12;458;370;23;186;110;319;-78.0;11.0;65.5
2018;1;2054;CEFID/UDESC (Coqueiros, inferência de rua);12;459;371;22;172;122;316;-77.3;11.3;61.4
2018;1;2097;EEB ROSINHA CAMPOS (Abraão);12;505;370;46;134;136;316;-48.9;25.6;57.0
2018;1;2097;EEB ROSINHA CAMPOS (Abraão);12;506;371;39;150;140;329;-58.7;20.6;57.4
2018;1;2097;EEB ROSINHA CAMPOS (Abraão);12;507;373;46;152;119;317;-53.5;23.2;62.5
2018;1;2097;EEB ROSINHA CAMPOS (Abraão);12;508;369;44;163;118;325;-57.5;21.3;63.7
2018;1;2097;EEB ROSINHA CAMPOS (Abraão);12;509;374;49;153;113;315;-51.5;24.3;64.1
2018;1;2097;EEB ROSINHA CAMPOS (Abraão);12;510;369;55;133;130;318;-41.5;29.3;59.1
2018;1;2097;EEB ROSINHA CAMPOS (Abraão);12;511;367;45;142;129;316;-51.9;24.1;59.2
2018;1;2097;EEB ROSINHA CAMPOS (Abraão);12;512;365;40;145;119;304;-56.8;21.6;60.9
2018;1;2097;EEB ROSINHA CAMPOS (Abraão);12;513;364;39;148;130;317;-58.3;20.9;59.0
2018;1;2097;EEB ROSINHA CAMPOS (Abraão);12;514;380;38;150;124;312;-59.6;20.2;60.3
2018;1;2100;EBM ALMIRANTE CARVALHAL (Saco da Lama);12;515;376;38;158;125;321;-61.2;19.4;61.1
2018;1;2100;EBM ALMIRANTE CARVALHAL (Saco da Lama);12;516;376;33;171;128;332;-67.6;16.2;61.4
2018;1;2100;EBM ALMIRANTE CARVALHAL (Saco da Lama);12;517;374;35;171;123;329;-66.0;17.0;62.6
2018;1;2100;EBM ALMIRANTE CARVALHAL (Saco da Lama);12;518;375;30;173;129;332;-70.4;14.8;61.1
2018;1;2100;EBM ALMIRANTE CARVALHAL (Saco da Lama);12;519;375;46;160;122;328;-55.3;22.3;62.8
2018;1;2100;EBM ALMIRANTE CARVALHAL (Saco da Lama);12;520;376;35;182;115;332;-67.7;16.1;65.4
2018;1;2100;EBM ALMIRANTE CARVALHAL (Saco da Lama);12;521;371;29;158;137;324;-69.0;15.5;57.7
2018;1;2100;EBM ALMIRANTE CARVALHAL (Saco da Lama);12;522;375;31;178;119;328;-70.3;14.8;63.7
2018;1;2100;EBM ALMIRANTE CARVALHAL (Saco da Lama);12;523;372;26;174;118;318;-74.0;13.0;62.9
2018;1;2100;EBM ALMIRANTE CARVALHAL (Saco da Lama);12;524;367;27;155;142;324;-70.3;14.8;56.2
2018;1;2100;EBM ALMIRANTE CARVALHAL (Saco da Lama);12;525;382;34;184;111;329;-68.8;15.6;66.3
2018;1;2143;EEB PRESIDENTE ROOSEVELT (Coqueiros);12;558;339;38;164;93;295;-62.4;18.8;68.5
2018;1;2143;EEB PRESIDENTE ROOSEVELT (Coqueiros);12;559;341;34;159;107;300;-64.8;17.6;64.3
2018;1;2143;EEB PRESIDENTE ROOSEVELT (Coqueiros);12;560;344;44;171;92;307;-59.1;20.5;70.0
2018;1;2143;EEB PRESIDENTE ROOSEVELT (Coqueiros);12;561;339;37;151;97;285;-60.6;19.7;66.0
2018;1;2143;EEB PRESIDENTE ROOSEVELT (Coqueiros);12;562;338;26;144;107;277;-69.4;15.3;61.4
2018;1;2143;EEB PRESIDENTE ROOSEVELT (Coqueiros);12;563;340;33;151;106;290;-64.1;17.9;63.4
2018;1;2143;EEB PRESIDENTE ROOSEVELT (Coqueiros);12;564;341;35;163;106;304;-64.6;17.7;65.1
2018;1;2143;EEB PRESIDENTE ROOSEVELT (Coqueiros);12;565;338;29;176;88;293;-71.7;14.1;70.0
2018;1;2143;EEB PRESIDENTE ROOSEVELT (Coqueiros);12;566;337;41;148;100;289;-56.6;21.7;65.4
2018;1;2143;EEB PRESIDENTE ROOSEVELT (Coqueiros);12;567;334;30;141;112;283;-64.9;17.5;60.4
2018;1;2143;EEB PRESIDENTE ROOSEVELT (Coqueiros);12;568;338;45;165;84;294;-57.1;21.4;71.4
2018;1;2143;EEB PRESIDENTE ROOSEVELT (Coqueiros);12;569;341;33;165;114;312;-66.7;16.7;63.5
2018;1;2160;EEB EDITH GAMA RAMOS (Capoeiras — fronteira);12;584;335;21;157;109;287;-76.4;11.8;62.0
2018;1;2160;EEB EDITH GAMA RAMOS (Capoeiras — fronteira);12;585;330;34;153;97;284;-63.6;18.2;65.8
2018;1;2160;EEB EDITH GAMA RAMOS (Capoeiras — fronteira);12;586;333;30;149;105;284;-66.5;16.8;63.0
2018;1;2160;EEB EDITH GAMA RAMOS (Capoeiras — fronteira);12;587;334;36;152;111;299;-61.7;19.1;62.9
2018;1;2160;EEB EDITH GAMA RAMOS (Capoeiras — fronteira);12;588;335;32;145;119;296;-63.8;18.1;59.8
2018;1;2160;EEB EDITH GAMA RAMOS (Capoeiras — fronteira);12;589;330;36;149;93;278;-61.1;19.5;66.5
2018;1;2160;EEB EDITH GAMA RAMOS (Capoeiras — fronteira);12;590;334;30;146;119;295;-65.9;17.0;59.7
2018;1;2160;EEB EDITH GAMA RAMOS (Capoeiras — fronteira);12;591;332;37;133;98;268;-56.5;21.8;63.4
2018;1;2160;EEB EDITH GAMA RAMOS (Capoeiras — fronteira);12;592;331;30;141;104;275;-64.9;17.5;62.2
2018;1;2160;EEB EDITH GAMA RAMOS (Capoeiras — fronteira);12;593;329;32;152;86;270;-65.2;17.4;68.1
2018;1;2160;EEB EDITH GAMA RAMOS (Capoeiras — fronteira);12;594;334;25;148;107;280;-71.1;14.5;61.8
2018;1;2160;EEB EDITH GAMA RAMOS (Capoeiras — fronteira);12;595;334;33;161;93;287;-66.0;17.0;67.6
2018;1;2160;EEB EDITH GAMA RAMOS (Capoeiras — fronteira);12;596;331;36;150;109;295;-61.3;19.4;63.1
2018;1;2160;EEB EDITH GAMA RAMOS (Capoeiras — fronteira);12;597;334;29;144;116;289;-66.5;16.8;59.9
2018;1;2216;IGREJA NOSSA SENHORA DO CARMO (N. Sra. Aparecida);12;625;375;27;175;116;318;-73.3;13.4;63.5
2018;1;2216;IGREJA NOSSA SENHORA DO CARMO (N. Sra. Aparecida);12;626;376;35;172;120;327;-66.2;16.9;63.3
2018;1;2216;IGREJA NOSSA SENHORA DO CARMO (N. Sra. Aparecida);12;627;374;37;179;106;322;-65.7;17.1;67.1
2018;1;2216;IGREJA NOSSA SENHORA DO CARMO (N. Sra. Aparecida);12;628;373;30;175;118;323;-70.7;14.6;63.5
2018;1;2216;IGREJA NOSSA SENHORA DO CARMO (N. Sra. Aparecida);12;629;372;44;168;104;316;-58.5;20.8;67.1
2018;1;2216;IGREJA NOSSA SENHORA DO CARMO (N. Sra. Aparecida);12;630;374;33;172;121;326;-67.8;16.1;62.9
2018;1;2216;IGREJA NOSSA SENHORA DO CARMO (N. Sra. Aparecida);12;631;190;14;80;66;160;-70.2;14.9;58.8
2018;2;1384;EEB SEVERO HONORATO DA COSTA (Pântano do Sul);13;221;343;112;152;25;289;-15.2;42.4;91.3
2018;2;1384;EEB SEVERO HONORATO DA COSTA (Pântano do Sul);13;222;350;99;177;28;304;-28.3;35.9;90.8
2018;2;1384;EEB SEVERO HONORATO DA COSTA (Pântano do Sul);13;267;348;90;166;36;292;-29.7;35.2;87.7
2018;2;1384;EEB SEVERO HONORATO DA COSTA (Pântano do Sul);13;321;345;98;177;19;294;-28.7;35.6;93.5
2018;2;1406;EBM COSTA DE DENTRO (Pântano do Sul);13;226;316;86;157;23;266;-29.2;35.4;91.4
2018;2;1406;EBM COSTA DE DENTRO (Pântano do Sul);13;339;317;105;152;21;278;-18.3;40.9;92.4
2018;2;2038;IFSC CONTINENTE (fronteira Estreito/Coqueiros);12;422;335;92;157;19;268;-26.1;36.9;92.9
2018;2;2038;IFSC CONTINENTE (fronteira Estreito/Coqueiros);12;428;334;89;154;20;263;-26.7;36.6;92.4
2018;2;2054;CEFID/UDESC (Coqueiros, inferência de rua);12;450;371;94;192;29;315;-34.3;32.9;90.8
2018;2;2054;CEFID/UDESC (Coqueiros, inferência de rua);12;451;372;92;227;11;330;-42.3;28.8;96.7
2018;2;2054;CEFID/UDESC (Coqueiros, inferência de rua);12;452;369;84;215;25;324;-43.8;28.1;92.3
2018;2;2054;CEFID/UDESC (Coqueiros, inferência de rua);12;453;370;79;214;24;317;-46.1;27.0;92.4
2018;2;2054;CEFID/UDESC (Coqueiros, inferência de rua);12;454;372;86;203;34;323;-40.5;29.8;89.5
2018;2;2054;CEFID/UDESC (Coqueiros, inferência de rua);12;455;372;96;200;22;318;-35.1;32.4;93.1
2018;2;2054;CEFID/UDESC (Coqueiros, inferência de rua);12;456;369;89;206;23;318;-39.7;30.2;92.8
2018;2;2054;CEFID/UDESC (Coqueiros, inferência de rua);12;457;368;93;207;19;319;-38.0;31.0;94.0
2018;2;2054;CEFID/UDESC (Coqueiros, inferência de rua);12;458;370;79;215;19;313;-46.3;26.9;93.9
2018;2;2054;CEFID/UDESC (Coqueiros, inferência de rua);12;459;371;89;199;24;312;-38.2;30.9;92.3
2018;2;2097;EEB ROSINHA CAMPOS (Abraão);12;505;370;109;170;38;317;-21.9;39.1;88.0
2018;2;2097;EEB ROSINHA CAMPOS (Abraão);12;506;371;100;189;33;322;-30.8;34.6;89.8
2018;2;2097;EEB ROSINHA CAMPOS (Abraão);12;507;373;107;182;23;312;-26.0;37.0;92.6
2018;2;2097;EEB ROSINHA CAMPOS (Abraão);12;508;369;101;186;38;325;-29.6;35.2;88.3
2018;2;2097;EEB ROSINHA CAMPOS (Abraão);12;509;374;99;171;41;311;-26.7;36.7;86.8
2018;2;2097;EEB ROSINHA CAMPOS (Abraão);12;510;369;113;170;33;316;-20.1;39.9;89.6
2018;2;2097;EEB ROSINHA CAMPOS (Abraão);12;511;367;113;169;32;314;-19.9;40.1;89.8
2018;2;2097;EEB ROSINHA CAMPOS (Abraão);12;512;365;115;153;26;294;-14.2;42.9;91.2
2018;2;2097;EEB ROSINHA CAMPOS (Abraão);12;513;364;115;169;28;312;-19.0;40.5;91.0
2018;2;2097;EEB ROSINHA CAMPOS (Abraão);12;514;380;94;190;27;311;-33.8;33.1;91.3
2018;2;2100;EBM ALMIRANTE CARVALHAL (Saco da Lama);12;515;376;99;182;32;313;-29.5;35.2;89.8
2018;2;2100;EBM ALMIRANTE CARVALHAL (Saco da Lama);12;516;376;93;204;30;327;-37.4;31.3;90.8
2018;2;2100;EBM ALMIRANTE CARVALHAL (Saco da Lama);12;517;374;103;196;20;319;-31.1;34.4;93.7
2018;2;2100;EBM ALMIRANTE CARVALHAL (Saco da Lama);12;518;375;101;208;23;332;-34.6;32.7;93.1
2018;2;2100;EBM ALMIRANTE CARVALHAL (Saco da Lama);12;519;375;107;187;26;320;-27.2;36.4;91.9
2018;2;2100;EBM ALMIRANTE CARVALHAL (Saco da Lama);12;520;376;97;212;26;335;-37.2;31.4;92.2
2018;2;2100;EBM ALMIRANTE CARVALHAL (Saco da Lama);12;521;371;101;194;32;327;-31.5;34.2;90.2
2018;2;2100;EBM ALMIRANTE CARVALHAL (Saco da Lama);12;522;375;104;204;19;327;-32.5;33.8;94.2
2018;2;2100;EBM ALMIRANTE CARVALHAL (Saco da Lama);12;523;372;93;199;20;312;-36.3;31.8;93.6
2018;2;2100;EBM ALMIRANTE CARVALHAL (Saco da Lama);12;524;366;100;188;27;315;-30.6;34.7;91.4
2018;2;2100;EBM ALMIRANTE CARVALHAL (Saco da Lama);12;525;382;97;206;23;326;-36.0;32.0;92.9
2018;2;2143;EEB PRESIDENTE ROOSEVELT (Coqueiros);12;558;339;98;179;20;297;-29.2;35.4;93.3
2018;2;2143;EEB PRESIDENTE ROOSEVELT (Coqueiros);12;559;341;83;192;22;297;-39.6;30.2;92.6
2018;2;2143;EEB PRESIDENTE ROOSEVELT (Coqueiros);12;560;343;83;187;31;301;-38.5;30.7;89.7
2018;2;2143;EEB PRESIDENTE ROOSEVELT (Coqueiros);12;561;339;87;182;22;291;-35.3;32.3;92.4
2018;2;2143;EEB PRESIDENTE ROOSEVELT (Coqueiros);12;562;338;76;166;31;273;-37.2;31.4;88.6
2018;2;2143;EEB PRESIDENTE ROOSEVELT (Coqueiros);12;563;340;68;181;28;277;-45.4;27.3;89.9
2018;2;2143;EEB PRESIDENTE ROOSEVELT (Coqueiros);12;564;341;94;192;22;308;-34.3;32.9;92.9
2018;2;2143;EEB PRESIDENTE ROOSEVELT (Coqueiros);12;565;338;75;188;23;286;-43.0;28.5;92.0
2018;2;2143;EEB PRESIDENTE ROOSEVELT (Coqueiros);12;566;337;87;175;23;285;-33.6;33.2;91.9
2018;2;2143;EEB PRESIDENTE ROOSEVELT (Coqueiros);12;567;334;92;160;26;278;-27.0;36.5;90.6
2018;2;2143;EEB PRESIDENTE ROOSEVELT (Coqueiros);12;568;338;83;191;16;290;-39.4;30.3;94.5
2018;2;2143;EEB PRESIDENTE ROOSEVELT (Coqueiros);12;569;341;86;196;28;310;-39.0;30.5;91.0
2018;2;2160;EEB EDITH GAMA RAMOS (Capoeiras — fronteira);12;584;335;78;187;25;290;-41.1;29.4;91.4
2018;2;2160;EEB EDITH GAMA RAMOS (Capoeiras — fronteira);12;585;330;82;185;23;290;-38.6;30.7;92.1
2018;2;2160;EEB EDITH GAMA RAMOS (Capoeiras — fronteira);12;586;333;72;185;27;284;-44.0;28.0;90.5
2018;2;2160;EEB EDITH GAMA RAMOS (Capoeiras — fronteira);12;587;334;86;176;30;292;-34.4;32.8;89.7
2018;2;2160;EEB EDITH GAMA RAMOS (Capoeiras — fronteira);12;588;335;85;176;25;286;-34.9;32.6;91.3
2018;2;2160;EEB EDITH GAMA RAMOS (Capoeiras — fronteira);12;589;330;78;163;24;265;-35.3;32.4;90.9
2018;2;2160;EEB EDITH GAMA RAMOS (Capoeiras — fronteira);12;590;334;78;180;28;286;-39.5;30.2;90.2
2018;2;2160;EEB EDITH GAMA RAMOS (Capoeiras — fronteira);12;591;332;83;154;28;265;-30.0;35.0;89.4
2018;2;2160;EEB EDITH GAMA RAMOS (Capoeiras — fronteira);12;592;331;72;174;23;269;-41.5;29.3;91.4
2018;2;2160;EEB EDITH GAMA RAMOS (Capoeiras — fronteira);12;593;329;77;178;18;273;-39.6;30.2;93.4
2018;2;2160;EEB EDITH GAMA RAMOS (Capoeiras — fronteira);12;594;334;81;172;23;276;-36.0;32.0;91.7
2018;2;2160;EEB EDITH GAMA RAMOS (Capoeiras — fronteira);12;595;334;72;183;32;287;-43.5;28.2;88.9
2018;2;2160;EEB EDITH GAMA RAMOS (Capoeiras — fronteira);12;596;331;85;183;21;289;-36.6;31.7;92.7
2018;2;2160;EEB EDITH GAMA RAMOS (Capoeiras — fronteira);12;597;334;80;183;23;286;-39.2;30.4;92.0
2018;2;2216;IGREJA NOSSA SENHORA DO CARMO (N. Sra. Aparecida);12;625;375;86;210;23;319;-41.9;29.1;92.8
2018;2;2216;IGREJA NOSSA SENHORA DO CARMO (N. Sra. Aparecida);12;626;376;88;212;25;325;-41.3;29.3;92.3
2018;2;2216;IGREJA NOSSA SENHORA DO CARMO (N. Sra. Aparecida);12;627;374;87;211;22;320;-41.6;29.2;93.1
2018;2;2216;IGREJA NOSSA SENHORA DO CARMO (N. Sra. Aparecida);12;628;372;81;213;18;312;-44.9;27.6;94.2
2018;2;2216;IGREJA NOSSA SENHORA DO CARMO (N. Sra. Aparecida);12;629;372;98;200;22;320;-34.2;32.9;93.1
2018;2;2216;IGREJA NOSSA SENHORA DO CARMO (N. Sra. Aparecida);12;630;374;91;186;28;305;-34.3;32.9;90.8
2018;2;2216;IGREJA NOSSA SENHORA DO CARMO (N. Sra. Aparecida);12;631;190;48;103;13;164;-36.4;31.8;92.1
2022;1;1384;EEB SEVERO HONORATO DA COSTA (Pântano do Sul);13;221;372;150;129;27;306;7.5;53.8;91.2
2022;1;1384;EEB SEVERO HONORATO DA COSTA (Pântano do Sul);13;222;374;144;143;32;319;0.3;50.2;90.0
2022;1;1384;EEB SEVERO HONORATO DA COSTA (Pântano do Sul);13;267;376;143;136;48;327;2.5;51.3;85.3
2022;1;1384;EEB SEVERO HONORATO DA COSTA (Pântano do Sul);13;321;372;143;131;42;316;4.4;52.2;86.7
2022;1;1406;EBM COSTA DE DENTRO (Pântano do Sul);13;226;377;136;149;45;330;-4.6;47.7;86.4
2022;1;1406;EBM COSTA DE DENTRO (Pântano do Sul);13;339;382;175;121;38;334;18.2;59.1;88.6
2022;1;2038;IFSC CONTINENTE (fronteira Estreito/Coqueiros);12;422;379;121;134;40;295;-5.1;47.5;86.4
2022;1;2038;IFSC CONTINENTE (fronteira Estreito/Coqueiros);12;428;366;129;134;40;303;-1.9;49.0;86.8
2022;1;2038;IFSC CONTINENTE (fronteira Estreito/Coqueiros);12;655;175;42;77;22;141;-29.4;35.3;84.4
2022;1;2054;CEFID/UDESC (Coqueiros, inferência de rua);12;450;396;128;164;53;345;-12.3;43.8;84.6
2022;1;2054;CEFID/UDESC (Coqueiros, inferência de rua);12;451;398;134;177;42;353;-13.8;43.1;88.1
2022;1;2054;CEFID/UDESC (Coqueiros, inferência de rua);12;452;391;113;180;50;343;-22.9;38.6;85.4
2022;1;2054;CEFID/UDESC (Coqueiros, inferência de rua);12;453;391;105;166;55;326;-22.5;38.7;83.1
2022;1;2054;CEFID/UDESC (Coqueiros, inferência de rua);12;454;393;111;162;65;338;-18.7;40.7;80.8
2022;1;2054;CEFID/UDESC (Coqueiros, inferência de rua);12;455;396;125;161;51;337;-12.6;43.7;84.9
2022;1;2054;CEFID/UDESC (Coqueiros, inferência de rua);12;456;389;110;179;49;338;-23.9;38.1;85.5
2022;1;2054;CEFID/UDESC (Coqueiros, inferência de rua);12;457;394;116;168;57;341;-18.3;40.8;83.3
2022;1;2054;CEFID/UDESC (Coqueiros, inferência de rua);12;458;390;100;170;49;319;-25.9;37.0;84.6
2022;1;2054;CEFID/UDESC (Coqueiros, inferência de rua);12;459;391;114;160;60;334;-16.8;41.6;82.0
2022;1;2097;EEB ROSINHA CAMPOS (Abraão);12;505;387;133;138;56;327;-1.8;49.1;82.9
2022;1;2097;EEB ROSINHA CAMPOS (Abraão);12;506;381;124;143;57;324;-7.1;46.4;82.4
2022;1;2097;EEB ROSINHA CAMPOS (Abraão);12;507;381;112;155;43;310;-16.1;41.9;86.1
2022;1;2097;EEB ROSINHA CAMPOS (Abraão);12;508;380;130;154;50;334;-8.5;45.8;85.0
2022;1;2097;EEB ROSINHA CAMPOS (Abraão);12;509;384;130;140;40;310;-3.7;48.1;87.1
2022;1;2097;EEB ROSINHA CAMPOS (Abraão);12;510;379;128;139;51;318;-4.1;47.9;84.0
2022;1;2097;EEB ROSINHA CAMPOS (Abraão);12;511;375;133;136;50;319;-1.1;49.4;84.3
2022;1;2097;EEB ROSINHA CAMPOS (Abraão);12;512;379;137;144;42;323;-2.5;48.8;87.0
2022;1;2097;EEB ROSINHA CAMPOS (Abraão);12;513;381;140;132;48;320;2.9;51.5;85.0
2022;1;2097;EEB ROSINHA CAMPOS (Abraão);12;514;388;124;128;58;310;-1.6;49.2;81.3
2022;1;2097;EEB ROSINHA CAMPOS (Abraão);12;647;312;135;114;33;282;8.4;54.2;88.3
2022;1;2100;EBM ALMIRANTE CARVALHAL (Saco da Lama);12;515;395;126;143;56;325;-6.3;46.8;82.8
2022;1;2100;EBM ALMIRANTE CARVALHAL (Saco da Lama);12;516;394;121;156;53;330;-12.6;43.7;83.9
2022;1;2100;EBM ALMIRANTE CARVALHAL (Saco da Lama);12;517;395;131;163;46;340;-10.9;44.6;86.5
2022;1;2100;EBM ALMIRANTE CARVALHAL (Saco da Lama);12;518;393;113;161;58;332;-17.5;41.2;82.5
2022;1;2100;EBM ALMIRANTE CARVALHAL (Saco da Lama);12;519;389;131;161;48;340;-10.3;44.9;85.9
2022;1;2100;EBM ALMIRANTE CARVALHAL (Saco da Lama);12;520;390;123;159;57;339;-12.8;43.6;83.2
2022;1;2100;EBM ALMIRANTE CARVALHAL (Saco da Lama);12;521;390;133;151;50;334;-6.3;46.8;85.0
2022;1;2100;EBM ALMIRANTE CARVALHAL (Saco da Lama);12;522;391;116;165;53;334;-17.4;41.3;84.1
2022;1;2100;EBM ALMIRANTE CARVALHAL (Saco da Lama);12;523;389;124;142;62;328;-6.8;46.6;81.1
2022;1;2100;EBM ALMIRANTE CARVALHAL (Saco da Lama);12;524;391;120;159;60;339;-14.0;43.0;82.3
2022;1;2100;EBM ALMIRANTE CARVALHAL (Saco da Lama);12;525;395;124;162;49;335;-13.3;43.4;85.4
2022;1;2143;EEB PRESIDENTE ROOSEVELT (Coqueiros);12;558;372;120;142;40;302;-8.4;45.8;86.8
2022;1;2143;EEB PRESIDENTE ROOSEVELT (Coqueiros);12;559;378;126;151;42;319;-9.0;45.5;86.8
2022;1;2143;EEB PRESIDENTE ROOSEVELT (Coqueiros);12;560;377;116;150;48;314;-12.8;43.6;84.7
2022;1;2143;EEB PRESIDENTE ROOSEVELT (Coqueiros);12;561;372;119;149;43;311;-11.2;44.4;86.2
2022;1;2143;EEB PRESIDENTE ROOSEVELT (Coqueiros);12;562;372;117;138;56;311;-8.2;45.9;82.0
2022;1;2143;EEB PRESIDENTE ROOSEVELT (Coqueiros);12;563;372;121;150;45;316;-10.7;44.6;85.8
2022;1;2143;EEB PRESIDENTE ROOSEVELT (Coqueiros);12;564;376;124;161;48;333;-13.0;43.5;85.6
2022;1;2143;EEB PRESIDENTE ROOSEVELT (Coqueiros);12;565;374;109;172;42;323;-22.4;38.8;87.0
2022;1;2143;EEB PRESIDENTE ROOSEVELT (Coqueiros);12;566;375;142;127;40;309;5.6;52.8;87.1
2022;1;2143;EEB PRESIDENTE ROOSEVELT (Coqueiros);12;567;372;120;145;53;318;-9.4;45.3;83.3
2022;1;2143;EEB PRESIDENTE ROOSEVELT (Coqueiros);12;568;377;124;155;48;327;-11.1;44.4;85.3
2022;1;2143;EEB PRESIDENTE ROOSEVELT (Coqueiros);12;569;376;120;152;39;311;-11.8;44.1;87.5
2022;1;2160;EEB EDITH GAMA RAMOS (Capoeiras — fronteira);12;584;368;110;148;50;308;-14.7;42.6;83.8
2022;1;2160;EEB EDITH GAMA RAMOS (Capoeiras — fronteira);12;585;368;101;149;49;299;-19.2;40.4;83.6
2022;1;2160;EEB EDITH GAMA RAMOS (Capoeiras — fronteira);12;586;362;101;167;35;303;-24.6;37.7;88.4
2022;1;2160;EEB EDITH GAMA RAMOS (Capoeiras — fronteira);12;587;368;124;143;54;321;-7.1;46.4;83.2
2022;1;2160;EEB EDITH GAMA RAMOS (Capoeiras — fronteira);12;588;369;117;137;53;307;-7.9;46.1;82.7
2022;1;2160;EEB EDITH GAMA RAMOS (Capoeiras — fronteira);12;589;366;109;145;39;293;-14.2;42.9;86.7
2022;1;2160;EEB EDITH GAMA RAMOS (Capoeiras — fronteira);12;590;368;104;139;55;298;-14.4;42.8;81.5
2022;1;2160;EEB EDITH GAMA RAMOS (Capoeiras — fronteira);12;591;365;110;140;46;296;-12.0;44.0;84.5
2022;1;2160;EEB EDITH GAMA RAMOS (Capoeiras — fronteira);12;592;368;106;149;33;288;-16.9;41.6;88.5
2022;1;2160;EEB EDITH GAMA RAMOS (Capoeiras — fronteira);12;593;359;117;138;35;290;-8.2;45.9;87.9
2022;1;2160;EEB EDITH GAMA RAMOS (Capoeiras — fronteira);12;594;366;119;137;50;306;-7.0;46.5;83.7
2022;1;2160;EEB EDITH GAMA RAMOS (Capoeiras — fronteira);12;595;367;108;148;49;305;-15.6;42.2;83.9
2022;1;2160;EEB EDITH GAMA RAMOS (Capoeiras — fronteira);12;596;367;128;147;36;311;-6.9;46.5;88.4
2022;1;2160;EEB EDITH GAMA RAMOS (Capoeiras — fronteira);12;597;367;113;138;46;297;-10.0;45.0;84.5
2022;1;2216;IGREJA NOSSA SENHORA DO CARMO (N. Sra. Aparecida);12;625;381;121;162;43;326;-14.5;42.8;86.8
2022;1;2216;IGREJA NOSSA SENHORA DO CARMO (N. Sra. Aparecida);12;626;382;113;176;36;325;-21.8;39.1;88.9
2022;1;2216;IGREJA NOSSA SENHORA DO CARMO (N. Sra. Aparecida);12;627;377;100;168;57;325;-25.4;37.3;82.5
2022;1;2216;IGREJA NOSSA SENHORA DO CARMO (N. Sra. Aparecida);12;628;380;104;167;46;317;-23.2;38.4;85.5
2022;1;2216;IGREJA NOSSA SENHORA DO CARMO (N. Sra. Aparecida);12;629;376;120;161;38;319;-14.6;42.7;88.1
2022;1;2216;IGREJA NOSSA SENHORA DO CARMO (N. Sra. Aparecida);12;630;378;113;156;44;313;-16.0;42.0;85.9
2022;1;2216;IGREJA NOSSA SENHORA DO CARMO (N. Sra. Aparecida);12;631;376;128;133;59;320;-1.9;49.0;81.6
2022;1;2429;IFSC CONTINENTE II (fronteira);12;657;272;100;125;26;251;-11.1;44.4;89.6
2022;1;2429;IFSC CONTINENTE II (fronteira);12;662;273;126;119;18;263;2.9;51.4;93.2
2022;2;1384;EEB SEVERO HONORATO DA COSTA (Pântano do Sul);13;221;372;153;141;6;300;4.1;52.0;98.0
2022;2;1384;EEB SEVERO HONORATO DA COSTA (Pântano do Sul);13;222;374;153;156;8;317;-1.0;49.5;97.5
2022;2;1384;EEB SEVERO HONORATO DA COSTA (Pântano do Sul);13;267;375;154;152;13;319;0.7;50.3;95.9
2022;2;1384;EEB SEVERO HONORATO DA COSTA (Pântano do Sul);13;321;372;151;154;8;313;-1.0;49.5;97.4
2022;2;1406;EBM COSTA DE DENTRO (Pântano do Sul);13;226;377;156;164;8;328;-2.5;48.8;97.6
2022;2;1406;EBM COSTA DE DENTRO (Pântano do Sul);13;339;383;191;135;11;337;17.2;58.6;96.7
2022;2;2038;IFSC CONTINENTE (fronteira Estreito/Coqueiros);12;422;379;135;155;11;301;-6.9;46.6;96.3
2022;2;2038;IFSC CONTINENTE (fronteira Estreito/Coqueiros);12;428;367;135;155;10;300;-6.9;46.6;96.7
2022;2;2038;IFSC CONTINENTE (fronteira Estreito/Coqueiros);12;655;176;52;113;4;169;-37.0;31.5;97.6
2022;2;2054;CEFID/UDESC (Coqueiros, inferência de rua);12;450;397;139;185;15;339;-14.2;42.9;95.6
2022;2;2054;CEFID/UDESC (Coqueiros, inferência de rua);12;451;399;144;193;11;348;-14.5;42.7;96.8
2022;2;2054;CEFID/UDESC (Coqueiros, inferência de rua);12;452;391;121;200;16;337;-24.6;37.7;95.3
2022;2;2054;CEFID/UDESC (Coqueiros, inferência de rua);12;453;394;116;197;19;332;-25.9;37.1;94.3
2022;2;2054;CEFID/UDESC (Coqueiros, inferência de rua);12;454;394;126;191;13;330;-20.5;39.7;96.1
2022;2;2054;CEFID/UDESC (Coqueiros, inferência de rua);12;455;397;142;181;8;331;-12.1;44.0;97.6
2022;2;2054;CEFID/UDESC (Coqueiros, inferência de rua);12;456;388;136;195;11;342;-17.8;41.1;96.8
2022;2;2054;CEFID/UDESC (Coqueiros, inferência de rua);12;457;394;128;205;12;345;-23.1;38.4;96.5
2022;2;2054;CEFID/UDESC (Coqueiros, inferência de rua);12;458;391;115;201;11;327;-27.2;36.4;96.6
2022;2;2054;CEFID/UDESC (Coqueiros, inferência de rua);12;459;391;136;186;13;335;-15.5;42.2;96.1
2022;2;2097;EEB ROSINHA CAMPOS (Abraão);12;505;387;148;171;12;331;-7.2;46.4;96.4
2022;2;2097;EEB ROSINHA CAMPOS (Abraão);12;506;381;144;162;16;322;-5.9;47.1;95.0
2022;2;2097;EEB ROSINHA CAMPOS (Abraão);12;507;381;123;171;9;303;-16.3;41.8;97.0
2022;2;2097;EEB ROSINHA CAMPOS (Abraão);12;508;380;136;171;14;321;-11.4;44.3;95.6
2022;2;2097;EEB ROSINHA CAMPOS (Abraão);12;509;384;145;155;12;312;-3.3;48.3;96.2
2022;2;2097;EEB ROSINHA CAMPOS (Abraão);12;510;380;132;168;16;316;-12.0;44.0;94.9
2022;2;2097;EEB ROSINHA CAMPOS (Abraão);12;511;374;154;161;9;324;-2.2;48.9;97.2
2022;2;2097;EEB ROSINHA CAMPOS (Abraão);12;512;379;143;150;12;305;-2.4;48.8;96.1
2022;2;2097;EEB ROSINHA CAMPOS (Abraão);12;513;382;148;159;12;319;-3.6;48.2;96.2
2022;2;2097;EEB ROSINHA CAMPOS (Abraão);12;514;388;139;165;16;320;-8.6;45.7;95.0
2022;2;2097;EEB ROSINHA CAMPOS (Abraão);12;647;313;143;126;5;274;6.3;53.2;98.2
2022;2;2100;EBM ALMIRANTE CARVALHAL (Saco da Lama);12;515;395;146;184;12;342;-11.5;44.2;96.5
2022;2;2100;EBM ALMIRANTE CARVALHAL (Saco da Lama);12;516;394;144;178;13;335;-10.6;44.7;96.1
2022;2;2100;EBM ALMIRANTE CARVALHAL (Saco da Lama);12;517;395;149;179;8;336;-9.1;45.4;97.6
2022;2;2100;EBM ALMIRANTE CARVALHAL (Saco da Lama);12;518;394;133;189;14;336;-17.4;41.3;95.8
2022;2;2100;EBM ALMIRANTE CARVALHAL (Saco da Lama);12;519;391;149;181;16;346;-9.7;45.2;95.4
2022;2;2100;EBM ALMIRANTE CARVALHAL (Saco da Lama);12;520;391;139;184;15;338;-13.9;43.0;95.6
2022;2;2100;EBM ALMIRANTE CARVALHAL (Saco da Lama);12;521;393;144;171;19;334;-8.6;45.7;94.3
2022;2;2100;EBM ALMIRANTE CARVALHAL (Saco da Lama);12;522;391;129;188;19;336;-18.6;40.7;94.3
2022;2;2100;EBM ALMIRANTE CARVALHAL (Saco da Lama);12;523;390;147;164;13;324;-5.5;47.3;96.0
2022;2;2100;EBM ALMIRANTE CARVALHAL (Saco da Lama);12;524;391;140;185;14;339;-13.8;43.1;95.9
2022;2;2100;EBM ALMIRANTE CARVALHAL (Saco da Lama);12;525;395;133;187;9;329;-16.9;41.6;97.3
2022;2;2143;EEB PRESIDENTE ROOSEVELT (Coqueiros);12;558;371;137;161;11;309;-8.1;46.0;96.4
2022;2;2143;EEB PRESIDENTE ROOSEVELT (Coqueiros);12;559;379;139;169;11;319;-9.7;45.1;96.6
2022;2;2143;EEB PRESIDENTE ROOSEVELT (Coqueiros);12;560;377;131;173;13;317;-13.8;43.1;95.9
2022;2;2143;EEB PRESIDENTE ROOSEVELT (Coqueiros);12;561;372;126;166;13;305;-13.7;43.2;95.7
2022;2;2143;EEB PRESIDENTE ROOSEVELT (Coqueiros);12;562;372;124;169;14;307;-15.4;42.3;95.4
2022;2;2143;EEB PRESIDENTE ROOSEVELT (Coqueiros);12;563;372;118;186;8;312;-22.4;38.8;97.4
2022;2;2143;EEB PRESIDENTE ROOSEVELT (Coqueiros);12;564;377;139;181;11;331;-13.1;43.4;96.7
2022;2;2143;EEB PRESIDENTE ROOSEVELT (Coqueiros);12;565;375;124;191;8;323;-21.3;39.4;97.5
2022;2;2143;EEB PRESIDENTE ROOSEVELT (Coqueiros);12;566;375;146;157;8;311;-3.6;48.2;97.4
2022;2;2143;EEB PRESIDENTE ROOSEVELT (Coqueiros);12;567;373;135;171;10;316;-11.8;44.1;96.8
2022;2;2143;EEB PRESIDENTE ROOSEVELT (Coqueiros);12;568;377;141;180;11;332;-12.1;43.9;96.7
2022;2;2143;EEB PRESIDENTE ROOSEVELT (Coqueiros);12;569;376;124;175;10;309;-17.1;41.5;96.8
2022;2;2160;EEB EDITH GAMA RAMOS (Capoeiras — fronteira);12;584;369;121;173;11;305;-17.7;41.2;96.4
2022;2;2160;EEB EDITH GAMA RAMOS (Capoeiras — fronteira);12;585;368;120;174;6;300;-18.4;40.8;98.0
2022;2;2160;EEB EDITH GAMA RAMOS (Capoeiras — fronteira);12;586;362;110;188;13;311;-26.2;36.9;95.8
2022;2;2160;EEB EDITH GAMA RAMOS (Capoeiras — fronteira);12;587;368;132;171;20;323;-12.9;43.6;93.8
2022;2;2160;EEB EDITH GAMA RAMOS (Capoeiras — fronteira);12;588;369;131;164;11;306;-11.2;44.4;96.4
2022;2;2160;EEB EDITH GAMA RAMOS (Capoeiras — fronteira);12;589;368;117;167;12;296;-17.6;41.2;95.9
2022;2;2160;EEB EDITH GAMA RAMOS (Capoeiras — fronteira);12;590;368;130;164;10;304;-11.6;44.2;96.7
2022;2;2160;EEB EDITH GAMA RAMOS (Capoeiras — fronteira);12;591;365;124;149;16;289;-9.2;45.4;94.5
2022;2;2160;EEB EDITH GAMA RAMOS (Capoeiras — fronteira);12;592;368;109;172;7;288;-22.4;38.8;97.6
2022;2;2160;EEB EDITH GAMA RAMOS (Capoeiras — fronteira);12;593;360;129;155;7;291;-9.2;45.4;97.6
2022;2;2160;EEB EDITH GAMA RAMOS (Capoeiras — fronteira);12;594;366;141;149;15;305;-2.8;48.6;95.1
2022;2;2160;EEB EDITH GAMA RAMOS (Capoeiras — fronteira);12;595;367;124;175;12;311;-17.1;41.5;96.1
2022;2;2160;EEB EDITH GAMA RAMOS (Capoeiras — fronteira);12;596;367;131;159;14;304;-9.7;45.2;95.4
2022;2;2160;EEB EDITH GAMA RAMOS (Capoeiras — fronteira);12;597;367;121;161;16;298;-14.2;42.9;94.6
2022;2;2216;IGREJA NOSSA SENHORA DO CARMO (N. Sra. Aparecida);12;625;381;130;192;7;329;-19.3;40.4;97.9
2022;2;2216;IGREJA NOSSA SENHORA DO CARMO (N. Sra. Aparecida);12;626;381;116;196;7;319;-25.6;37.2;97.8
2022;2;2216;IGREJA NOSSA SENHORA DO CARMO (N. Sra. Aparecida);12;627;379;117;192;17;326;-24.3;37.9;94.8
2022;2;2216;IGREJA NOSSA SENHORA DO CARMO (N. Sra. Aparecida);12;628;380;124;197;8;329;-22.7;38.6;97.6
2022;2;2216;IGREJA NOSSA SENHORA DO CARMO (N. Sra. Aparecida);12;629;377;132;178;10;320;-14.8;42.6;96.9
2022;2;2216;IGREJA NOSSA SENHORA DO CARMO (N. Sra. Aparecida);12;630;377;117;178;14;309;-20.7;39.7;95.5
2022;2;2216;IGREJA NOSSA SENHORA DO CARMO (N. Sra. Aparecida);12;631;376;139;162;21;322;-7.6;46.2;93.5
2022;2;2429;IFSC CONTINENTE II (fronteira);12;657;248;107;117;6;230;-4.5;47.8;97.4
2022;2;2429;IFSC CONTINENTE II (fronteira);12;662;249;123;106;4;233;7.4;53.7;98.3
2026;1;1384;EEB SEVERO HONORATO DA COSTA (Pântano do Sul);13;221;387;129;139;31;299;-3.7;48.1;89.6
2026;1;1384;EEB SEVERO HONORATO DA COSTA (Pântano do Sul);13;222;394;149;148;28;325;0.3;50.2;91.4
2026;1;1384;EEB SEVERO HONORATO DA COSTA (Pântano do Sul);13;267;392;127;159;43;329;-11.2;44.4;86.9
2026;1;1384;EEB SEVERO HONORATO DA COSTA (Pântano do Sul);13;321;387;140;136;38;314;1.4;50.7;87.9
2026;1;1384;EEB SEVERO HONORATO DA COSTA (Pântano do Sul);13;617;95;52;32;4;88;23.8;61.9;95.5
2026;1;1406;EBM COSTA DE DENTRO (Pântano do Sul);13;226;385;136;146;31;313;-3.5;48.2;90.1
2026;1;1406;EBM COSTA DE DENTRO (Pântano do Sul);13;339;384;154;120;34;308;12.4;56.2;89.0
2026;1;2038;IFSC CONTINENTE (fronteira Estreito/Coqueiros);12;422;377;122;138;35;295;-6.2;46.9;88.1
2026;1;2038;IFSC CONTINENTE (fronteira Estreito/Coqueiros);12;428;375;132;136;48;316;-1.5;49.3;84.8
2026;1;2038;IFSC CONTINENTE (fronteira Estreito/Coqueiros);12;655;390;130;126;48;304;1.6;50.8;84.2
2026;1;2038;IFSC CONTINENTE (fronteira Estreito/Coqueiros);12;672;392;131;121;54;306;4.0;52.0;82.4
2026;1;2038;IFSC CONTINENTE (fronteira Estreito/Coqueiros);12;676;396;155;139;61;355;5.4;52.7;82.8
2026;1;2054;CEFID/UDESC (Coqueiros, inferência de rua);12;450;358;103;140;39;282;-15.2;42.4;86.2
2026;1;2054;CEFID/UDESC (Coqueiros, inferência de rua);12;451;358;100;154;37;291;-21.3;39.4;87.3
2026;1;2054;CEFID/UDESC (Coqueiros, inferência de rua);12;452;357;94;157;38;289;-25.1;37.5;86.9
2026;1;2054;CEFID/UDESC (Coqueiros, inferência de rua);12;453;359;84;152;54;290;-28.8;35.6;81.4
2026;1;2054;CEFID/UDESC (Coqueiros, inferência de rua);12;454;353;100;149;37;286;-19.7;40.2;87.1
2026;1;2054;CEFID/UDESC (Coqueiros, inferência de rua);12;455;346;106;140;45;291;-13.8;43.1;84.5
2026;1;2054;CEFID/UDESC (Coqueiros, inferência de rua);12;456;340;89;154;47;290;-26.7;36.6;83.8
2026;1;2054;CEFID/UDESC (Coqueiros, inferência de rua);12;457;343;97;154;37;288;-22.7;38.6;87.2
2026;1;2054;CEFID/UDESC (Coqueiros, inferência de rua);12;458;339;98;148;37;283;-20.3;39.8;86.9
2026;1;2054;CEFID/UDESC (Coqueiros, inferência de rua);12;459;350;100;146;33;279;-18.7;40.7;88.2
2026;1;2097;EEB ROSINHA CAMPOS (Abraão);12;505;372;111;143;49;303;-12.6;43.7;83.8
2026;1;2097;EEB ROSINHA CAMPOS (Abraão);12;506;368;122;130;42;294;-3.2;48.4;85.7
2026;1;2097;EEB ROSINHA CAMPOS (Abraão);12;507;372;107;160;33;300;-19.9;40.1;89.0
2026;1;2097;EEB ROSINHA CAMPOS (Abraão);12;508;368;117;140;45;302;-8.9;45.5;85.1
2026;1;2097;EEB ROSINHA CAMPOS (Abraão);12;509;374;121;144;41;306;-8.7;45.7;86.6
2026;1;2097;EEB ROSINHA CAMPOS (Abraão);12;510;370;104;141;49;294;-15.1;42.4;83.3
2026;1;2097;EEB ROSINHA CAMPOS (Abraão);12;511;370;123;151;40;314;-10.2;44.9;87.3
2026;1;2097;EEB ROSINHA CAMPOS (Abraão);12;512;370;136;137;36;309;-0.4;49.8;88.3
2026;1;2097;EEB ROSINHA CAMPOS (Abraão);12;513;366;132;134;36;302;-0.8;49.6;88.1
2026;1;2097;EEB ROSINHA CAMPOS (Abraão);12;514;372;120;141;46;307;-8.0;46.0;85.0
2026;1;2097;EEB ROSINHA CAMPOS (Abraão);12;647;373;129;126;45;300;1.2;50.6;85.0
2026;1;2097;EEB ROSINHA CAMPOS (Abraão);12;673;376;118;144;49;311;-9.9;45.0;84.2
2026;1;2100;EBM ALMIRANTE CARVALHAL (Saco da Lama);12;515;366;125;139;27;291;-5.3;47.3;90.7
2026;1;2100;EBM ALMIRANTE CARVALHAL (Saco da Lama);12;516;377;114;161;37;312;-17.1;41.5;88.1
2026;1;2100;EBM ALMIRANTE CARVALHAL (Saco da Lama);12;517;364;120;153;35;308;-12.1;44.0;88.6
2026;1;2100;EBM ALMIRANTE CARVALHAL (Saco da Lama);12;518;368;107;166;38;311;-21.6;39.2;87.8
2026;1;2100;EBM ALMIRANTE CARVALHAL (Saco da Lama);12;519;363;122;150;40;312;-10.3;44.9;87.2
2026;1;2100;EBM ALMIRANTE CARVALHAL (Saco da Lama);12;520;370;121;156;35;312;-12.6;43.7;88.8
2026;1;2100;EBM ALMIRANTE CARVALHAL (Saco da Lama);12;521;368;121;152;37;310;-11.4;44.3;88.1
2026;1;2100;EBM ALMIRANTE CARVALHAL (Saco da Lama);12;522;366;110;165;28;303;-20.0;40.0;90.8
2026;1;2100;EBM ALMIRANTE CARVALHAL (Saco da Lama);12;523;369;117;140;53;310;-8.9;45.5;82.9
2026;1;2100;EBM ALMIRANTE CARVALHAL (Saco da Lama);12;524;366;118;153;43;314;-12.9;43.5;86.3
2026;1;2100;EBM ALMIRANTE CARVALHAL (Saco da Lama);12;525;374;131;152;29;312;-7.4;46.3;90.7
2026;1;2143;EEB PRESIDENTE ROOSEVELT (Coqueiros);12;558;373;116;141;42;299;-9.7;45.1;86.0
2026;1;2143;EEB PRESIDENTE ROOSEVELT (Coqueiros);12;559;376;122;150;36;308;-10.3;44.9;88.3
2026;1;2143;EEB PRESIDENTE ROOSEVELT (Coqueiros);12;560;377;112;150;44;306;-14.5;42.7;85.6
2026;1;2143;EEB PRESIDENTE ROOSEVELT (Coqueiros);12;561;377;109;158;43;310;-18.4;40.8;86.1
2026;1;2143;EEB PRESIDENTE ROOSEVELT (Coqueiros);12;562;376;121;155;38;314;-12.3;43.8;87.9
2026;1;2143;EEB PRESIDENTE ROOSEVELT (Coqueiros);12;563;372;99;158;39;296;-23.0;38.5;86.8
2026;1;2143;EEB PRESIDENTE ROOSEVELT (Coqueiros);12;564;375;110;160;44;314;-18.5;40.7;86.0
2026;1;2143;EEB PRESIDENTE ROOSEVELT (Coqueiros);12;565;371;92;166;39;297;-28.7;35.7;86.9
2026;1;2143;EEB PRESIDENTE ROOSEVELT (Coqueiros);12;566;372;117;143;37;297;-10.0;45.0;87.5
2026;1;2143;EEB PRESIDENTE ROOSEVELT (Coqueiros);12;567;371;110;152;43;305;-16.0;42.0;85.9
2026;1;2143;EEB PRESIDENTE ROOSEVELT (Coqueiros);12;568;378;128;145;40;313;-6.2;46.9;87.2
2026;1;2143;EEB PRESIDENTE ROOSEVELT (Coqueiros);12;569;373;121;142;40;303;-8.0;46.0;86.8
2026;1;2160;EEB EDITH GAMA RAMOS (Capoeiras — fronteira);12;584;313;77;130;40;247;-25.6;37.2;83.8
2026;1;2160;EEB EDITH GAMA RAMOS (Capoeiras — fronteira);12;585;318;84;133;40;257;-22.6;38.7;84.4
2026;1;2160;EEB EDITH GAMA RAMOS (Capoeiras — fronteira);12;586;323;71;152;44;267;-36.3;31.8;83.5
2026;1;2160;EEB EDITH GAMA RAMOS (Capoeiras — fronteira);12;587;332;98;130;35;263;-14.0;43.0;86.7
2026;1;2160;EEB EDITH GAMA RAMOS (Capoeiras — fronteira);12;588;320;89;125;29;243;-16.8;41.6;88.1
2026;1;2160;EEB EDITH GAMA RAMOS (Capoeiras — fronteira);12;589;312;77;129;33;239;-25.2;37.4;86.2
2026;1;2160;EEB EDITH GAMA RAMOS (Capoeiras — fronteira);12;590;329;96;128;32;256;-14.3;42.9;87.5
2026;1;2160;EEB EDITH GAMA RAMOS (Capoeiras — fronteira);12;591;313;95;103;32;230;-4.0;48.0;86.1
2026;1;2160;EEB EDITH GAMA RAMOS (Capoeiras — fronteira);12;592;332;80;130;26;236;-23.8;38.1;89.0
2026;1;2160;EEB EDITH GAMA RAMOS (Capoeiras — fronteira);12;593;315;89;125;28;242;-16.8;41.6;88.4
2026;1;2160;EEB EDITH GAMA RAMOS (Capoeiras — fronteira);12;594;322;95;129;39;263;-15.2;42.4;85.2
2026;1;2160;EEB EDITH GAMA RAMOS (Capoeiras — fronteira);12;595;330;96;131;45;272;-15.4;42.3;83.5
2026;1;2160;EEB EDITH GAMA RAMOS (Capoeiras — fronteira);12;596;319;81;129;41;251;-22.9;38.6;83.7
2026;1;2160;EEB EDITH GAMA RAMOS (Capoeiras — fronteira);12;597;319;89;124;33;246;-16.4;41.8;86.6
2026;1;2216;IGREJA NOSSA SENHORA DO CARMO (N. Sra. Aparecida);12;625;335;94;145;34;273;-21.3;39.3;87.5
2026;1;2216;IGREJA NOSSA SENHORA DO CARMO (N. Sra. Aparecida);12;626;339;93;173;19;285;-30.1;35.0;93.3
2026;1;2216;IGREJA NOSSA SENHORA DO CARMO (N. Sra. Aparecida);12;627;337;93;149;43;285;-23.1;38.4;84.9
2026;1;2216;IGREJA NOSSA SENHORA DO CARMO (N. Sra. Aparecida);12;628;334;86;145;45;276;-25.5;37.2;83.7
2026;1;2216;IGREJA NOSSA SENHORA DO CARMO (N. Sra. Aparecida);12;629;337;97;143;32;272;-19.2;40.4;88.2
2026;1;2216;IGREJA NOSSA SENHORA DO CARMO (N. Sra. Aparecida);12;630;335;103;139;36;278;-14.9;42.6;87.1
2026;1;2216;IGREJA NOSSA SENHORA DO CARMO (N. Sra. Aparecida);12;631;322;112;127;38;277;-6.3;46.9;86.3
2026;1;2429;IFSC CONTINENTE II (fronteira);12;657;256;126;92;25;243;15.6;57.8;89.7
2026;1;2429;IFSC CONTINENTE II (fronteira);12;662;257;118;100;25;243;8.3;54.1;89.7
2026;1;2461;FUCAS (Capoeiras Leste — fronteira);12;415;382;104;157;39;300;-20.3;39.8;87.0
2026;1;2461;FUCAS (Capoeiras Leste — fronteira);12;416;382;111;155;35;301;-16.5;41.7;88.4
2026;1;2461;FUCAS (Capoeiras Leste — fronteira);12;417;383;103;173;40;316;-25.4;37.3;87.3
2026;1;2461;FUCAS (Capoeiras Leste — fronteira);12;418;387;116;170;34;320;-18.9;40.6;89.4
2026;1;2461;FUCAS (Capoeiras Leste — fronteira);12;419;383;112;131;52;295;-7.8;46.1;82.4
2026;1;2461;FUCAS (Capoeiras Leste — fronteira);12;420;382;112;144;45;301;-12.5;43.8;85.0
2026;1;2461;FUCAS (Capoeiras Leste — fronteira);12;421;383;108;156;48;312;-18.2;40.9;84.6
2026;1;2461;FUCAS (Capoeiras Leste — fronteira);12;667;383;113;130;44;287;-7.0;46.5;84.7
